WardName,ZoneNo.,FacilityName,Type(Hospital/NursingHome/Lab),Class:(Public/Private),PharmacyAvailable:Yes/No,NumberofBedsinfacilitytype,NumberofDoctors/Physicians,NumberofNurses,NumberofMidwivesProfessional,AverageMonthlyPatientFootfall,AmbulanceServiceAvailable,CountofAmbulance,WardNo.,FacilityNo.,Cluster,Cluster_Name
Ambil Odha,5,"Late Matoshri Ramabai Ambedkar Maternity Home, AmbilOdha",2,0,1,10,2,4,1,4500,1,1,1,316,2,Specialized Services
Aundh,2,"Aundh Kuti Maternity Home, Aundh",2,0,1,14,2,5,2,2500,1,1,3,48,2,Specialized Services
Bopodi,2,"Late Draupadabai Murlidhar Khedekar Maternity Home, Bopodi",2,0,1,16,2,4,9,1900,1,1,12,307,2,Specialized Services
Shivaji Nagar Station,2,"Dr. Dalvi, PMC Joint Project",2,0,1,30,4,7,9,2400,1,2,66,138,2,Specialized Services
Hadapsar,4,"Late Anna Saheb Magar Maternity Home, Hadapsar",2,0,1,20,2,3,6,4500,1,1,27,297,2,Specialized Services
Health Camp,2,"Dr. Homi J. Bhabha Maternity Home, Health Camp",2,0,1,16,2,6,6,4000,1,2,28,145,2,Specialized Services
"Gujrath Colony, Kothrud",2,"Late Jayabai Sutar Maternity Home, Kothrud",2,0,1,10,4,7,6,5000,1,4,24,309,2,Specialized Services
Mundhwa,4,"Late Sakharam Kundalik Kodre Maternity Home, Mundhwa",2,0,1,8,2,6,5,3500,1,1,50,326,2,Specialized Services
Pashan Gaon,2,"Late Sahadev Eknath Nimhan Maternity Home, Pashan",2,0,1,16,2,3,5,1800,1,1,55,325,2,Specialized Services
Bhawani Peth,5,Late Chandu Mama Sonawane Maternity Home,2,0,1,86,5,12,9,5500,1,2,9,303,2,Specialized Services
Wanowrie,4,"Late Namedevrao Shivarkar Maternity Home, Wanorie",2,0,1,10,1,4,4,1900,1,1,77,321,2,Specialized Services
Yerawada,1,"Bharatratna Rajiv Gandhi Hospital, Yerawada",2,0,1,180,4,18,10,8000,1,2,79,63,2,Specialized Services
Guruwar Peth,5,"Late Savitribai Phule Maternity Home, Guruwarpeth",2,0,1,10,2,2,4,3500,1,1,25,327,2,Specialized Services
Kondhwa,4,"Late Minatai Thakare Maternity Home, Kondhwa",2,0,1,10,2,6,0,2600,1,1,40,318,2,Specialized Services
"Gadikhana, Shukruwar Peth",5,"Late Malti Kachi Maternity Home, Gadikhana",2,0,1,20,2,1,5,2500,1,2,19,314,2,Specialized Services
Mitramandal,5,Rajmata Jijau Mitra Mandal (only IPD),2,0,1,20,2,3,3,50,1,1,48,466,2,Specialized Services
Balaji Nagar,4,"Late Kashinath Aa. Dhankavde, Balajinagar",2,0,1,20,2,2,3,1200,1,1,7,312,2,Specialized Services
"Maharashtra Housing Board, Yerawada",1,"Chatrpati Shivray Disp, Yerwada, Nagpur Chawl",2,0,1,10,1,2,4,2000,0,0,44,94,0,Development Needs
Somwar Peth,5,Kamla Nehru Hospital,2,0,1,450,10,64,23,18000,1,3,67,265,1,Basic Infrastructure
Pune Station,1,Dr. Naidu Infectious Disease Hospital,2,0,1,200,4,7,13,4000,1,3,56,155,2,Specialized Services
Erandwane,3,"Late. Tharkude Dispensary, Erandwane",1,0,1,0,1,0,1,1400,0,0,18,332,0,Development Needs
Bhawani Peth,5,"Bai Bhikaji Pastonji Bammanji Dispensary, Bhawanipeth",1,0,1,0,1,0,1,1100,0,0,9,52,0,Development Needs
Dattawadi,0,"Late Anandibai Narhar Gadgil Dispensary, Dattawadi",1,0,1,0,1,0,1,2100,0,0,14,296,0,Development Needs
Ganjpeth,5,"Late Balaji Rakhmaji Gaikwad Dispensary, Ganjpeth",1,0,1,0,1,0,1,2500,0,0,22,299,0,Development Needs
Hingne,3,"Late Vijayabai Shirke Health Centre, Hingne",1,0,1,0,1,0,1,1100,0,0,29,330,0,Development Needs
Mitramandal,5,"Hindu Samrat SS Pramukh Balasaheb Thakare Disp, Parvati Darshan / old Lions Club Dispensary, Mitra Mandal",1,0,1,0,1,0,1,5000,0,0,48,226,0,Development Needs
Mangalwar Peth,5,"Late Dada Saheb Gaikwad Dispensary, Mangalwarpeth, Barne Road",1,0,1,0,1,0,1,1200,0,0,46,304,0,Development Needs
Narayan Peth,0,"Late Kalawati Mawale Dispensary, Narayanpeth",1,0,1,0,1,0,1,2200,0,0,53,310,0,Development Needs
Nana Peth,0,"Late Mama Saheb Badade Dispensary, Nanapeth",1,0,1,0,1,0,1,1300,0,0,52,315,0,Development Needs
Ravivar Peth,0,"Hutatama Babu Genu Dispensary, Raviwarpeth",1,0,1,0,1,0,1,1200,0,0,59,230,0,Development Needs
Vishrantwadi,0,"Siddharth Dispensary, Vishrantwadi",1,0,1,0,1,0,2,2900,0,0,72,552,0,Development Needs
Sahakar Nagar,0,"Late Shivshankar Pote Dispensary, Sahakarnagar",1,0,1,0,2,2,1,10000,0,1,63,328,2,Specialized Services
Shaniwar Peth,0,"Late Mukundrao Lele Dispensary, Shaniwarpeth",1,0,1,0,1,0,2,1800,0,0,65,319,0,Development Needs
"PMC Bhavan, Shivaji Nagar",0,"Late Jangalrao Kondiba Amrale Dispensary, Shivaji Nagar",1,0,1,0,1,0,1,2800,0,0,54,308,0,Development Needs
Aundh Road,0,"Late Baburao Genba Shewale Hospital, Chikhalwadi",1,0,1,0,1,0,1,2200,0,0,4,298,0,Development Needs
Ganesh Peth,0,"Late Rohidas Kirad Dispensary, Ganeshpeth",1,0,1,0,1,0,1,1100,0,0,21,324,0,Development Needs
Kalyani Nagar,0,"Late Damodarraoji Galande Patil Dispensary, Kalyani Nagar",1,0,1,0,1,0,2,2100,0,1,35,305,0,Development Needs
Lohagaon,0,"Christ Rock Edward Paul Dispensary, Lohagaon",1,0,1,0,1,0,1,1100,0,0,43,101,0,Development Needs
"Maharshi Nagar, Gultekdi",0,"Ga.Bha. Indumati Manilal Khanna Dispensary, Maharshi Nagar",1,0,1,0,1,0,1,2400,0,0,45,198,0,Development Needs
Bhim nagar,0,"Rajashree Shahu Maharaj Dispensary, Bhim Nagar - Shirke Wasti",1,0,1,0,1,0,1,1100,0,0,10,465,0,Development Needs
Kelewadi,0,"Late Sundarabai Ganpat Raut Dispensary, Kelewadi",1,0,1,0,1,1,1,900,0,0,38,329,0,Development Needs
Gandhi Nagar,0,"Late Lokshahir Annabhau Sathe Dispensary, Gandhi Nagar",1,0,1,0,1,0,2,1300,0,0,20,313,0,Development Needs
"Gadikhana, Shukruwar Peth",0,"Dr. Kotnis Health Centre, Gadikhana",1,0,1,0,4,1,1,2500,0,0,19,153,0,Development Needs
Koregaon Park,0,"Late Bapu Saheb Genuji Kawade Patil Dispensary,  Kawade Wasti, Koregaon Park",1,0,1,0,1,0,1,1400,0,0,41,300,0,Development Needs
Kalas,0,"Kalas Dispensary, Jadhav Wasti - Kalas",1,0,1,0,1,0,3,3000,0,1,34,252,2,Specialized Services
Dias Plot,0,"Bharatratna Dr. Babasaheb Ambedkar Dispensary, Dias Plot",1,0,1,0,1,0,1,1800,0,0,17,62,0,Development Needs
Mohammad Wadi,0,"Late Dashrath Baliram Bhangire Disp., Mohammad Wadi",1,0,1,0,1,0,1,1400,0,0,49,306,0,Development Needs
"Kedari Nagar, Wanowrie",0,"Chatrapati Shahu Maharaj Disp., Kedari Nagar, Wanawadi",1,0,1,0,1,0,1,700,0,1,37,93,0,Development Needs
Atul Nagar,0,"Late Bartakke Disp., Atul Nagar",1,0,1,0,1,0,1,3000,0,1,2,301,0,Development Needs
Janta vasahat,0,"Janta Vasahat Dispensary, Janta Vasahat",1,0,1,0,1,0,1,800,0,0,30,239,0,Development Needs
Upper Bibwewadi,0,"Yug Purush Raja Shiv Chatrapati, Bibwewadi (Upper) Disp.",1,0,1,0,1,0,1,2500,0,0,69,627,0,Development Needs
"Gosavi Wasti, Kothrud",0,Late Bindu Madhav Thakare Disp. Gosavi Wasti,1,0,1,0,1,0,1,900,0,0,23,302,0,Development Needs
Vadgaon,0,"PMC Vadagaon Disp., Dhayari",1,0,1,0,1,0,1,2200,0,0,71,426,0,Development Needs
Dhankawadi,0,Late Vilasrao Tambe Disp Dhankawadi,1,0,1,0,2,1,1,6800,0,0,15,331,0,Development Needs
"Ramnagar, Warje",0,"Late Pruthak Barate Disp, Ramnagar ",1,0,1,0,1,0,2,2100,0,0,57,323,0,Development Needs
Somwar Peth,0,"Late Kalawatibai Todkar Disp., Somaver Peth",1,0,1,0,1,0,1,1100,0,0,67,311,0,Development Needs
Sukh Sagar Nagar,0,"Ward No.76, Katraj Davakhana",1,0,1,0,1,0,1,2800,0,0,68,618,0,Development Needs
Bibwewadi,0,"Shri. Sadguru Shankar Maharaj Disp., Bibwewadi",1,0,1,0,1,0,2,2100,0,0,11,548,0,Development Needs
Guruwar Peth,0,"Swatantrya Senani Gotiram Bhaiyya Kachi, Guruvar Peth Poly Clinic",1,0,1,0,1,0,1,90,0,0,25,583,0,Development Needs
Dhayari,0,"Late Murlidhar Pandurang Laygude Disp., Dhayari",1,0,1,0,1,0,1,600,0,0,16,320,0,Development Needs
Yerawada,0,Swargiya Se Gangaram Karne Disp Shastrinagar Yerwada,1,0,1,0,1,0,1,700,0,0,79,582,0,Development Needs
Kondhwa,0,"PMC Dispensary, No. 62 Kondhwa Bk.",1,0,1,0,1,0,1,1800,0,0,40,424,0,Development Needs
Upper Indira Nagar,0,Late Premchand Oswal Disp. Upper Indirnagar,1,0,1,0,1,0,1,1200,0,0,70,322,0,Development Needs
Sai nagar,0,"PMC Dispensary Sainagar, Kondhwa",1,0,1,0,1,0,1,300,0,0,64,422,0,Development Needs
Wadgaonsheri,0,"Late Meena Tai Thakare Polyclinic, Wadgaon Sheri Disp. ",1,0,1,0,1,0,1,3600,0,1,76,317,0,Development Needs
Kharadi,0,"PMC Dispensary, Kharadi",1,0,1,0,1,0,2,1500,0,0,39,423,0,Development Needs
Mitha Nagar,0,"Hazrat Khwaja Moinuddin Khisti Rahe, Khwaja Garib Nawaz Disp., Mithanagar",1,0,1,0,1,0,1,3900,0,0,47,221,0,Development Needs
"Laxmi Nagar, Kothrud",0,"E - Health Centre, Laxmi Nagar, Kothrud",1,0,1,0,1,0,1,0,0,0,42,186,0,Development Needs
Ramtekdi,4,"E - Health Centre, Ramtekdi, Hadapsar",1,0,1,0,1,0,1,0,0,0,58,187,0,Development Needs
Baner,2,"Smart Clinic, Baner",1,0,1,0,1,0,1,0,0,0,8,560,0,Development Needs
Narayan Peth,0,"Immunization Centre, Narayan Peth",1,0,1,0,1,0,3,2200,0,0,53,231,0,Development Needs
Katraj,4,"PMC Firta Dispensary, Ward No.40 Katraj, Vasant More Firta Dispensary",1,0,1,0,1,0,1,1200,1,1,36,425,0,Development Needs
SHIVAJINAGAR- GHOLE ROAD,2,Mahrashtra Medical Foundation Joshi Hosptial,4,1,1,98,0,0,0,0,1,0,61,354,0,Development Needs
SHIVAJINAGAR- GHOLE ROAD,2,Sathe Hospital,4,1,0,17,0,0,0,0,0,0,61,509,0,Development Needs
KASBA-VISHRAM,5,Dr. Tarabai Limye Hospital,3,1,0,7,0,0,0,0,0,0,31,172,0,Development Needs
KASBA-VISHRAM,5,Dr. Paranjpe Gynac Hospital,3,1,0,6,0,0,0,0,0,0,31,159,0,Development Needs
WARJE-KARVENAGAR,3,Nanal Hospital,4,1,0,10,0,0,0,0,0,0,75,389,0,Development Needs
KASBA-VISHRAM,5,Dr. Deshmukh Hospital,4,1,0,8,0,0,0,0,0,0,31,140,0,Development Needs
SHIVAJINAGAR- GHOLE ROAD,2,Hrishikesh Healthcare pvt. Ltd.,4,1,1,30,0,0,0,0,0,0,61,229,0,Development Needs
KASBA-VISHRAM,5,Colony Nursing Home,3,1,0,100,0,0,0,0,0,0,31,104,0,Development Needs
KASBA-VISHRAM,5,Dr. Purandare Maternity Home,3,1,0,2,0,0,0,0,0,0,31,163,0,Development Needs
WARJE-KARVENAGAR,3,Lokmanya Hospital,4,1,0,9,0,0,0,0,0,0,75,340,0,Development Needs
SHIVAJINAGAR- GHOLE ROAD,2,"Dr. Karve""s Hospital",5,1,0,7,0,0,0,0,0,0,61,147,0,Development Needs
SAHAKARNAGAR-DHANKWADI,3,Yashshree Maternity & Nursing Home,4,1,0,15,0,0,0,0,0,0,60,624,0,Development Needs
SHIVAJINAGAR- GHOLE ROAD,2,Sushrut  Hospital ,4,1,1,120,0,0,0,0,1,0,61,573,0,Development Needs
KASBA-VISHRAM,5,Harjeevan Hospital,4,1,1,19,0,0,0,0,1,0,31,219,0,Development Needs
KASBA-VISHRAM,5,Manoj Clinic,4,1,0,9,0,0,0,0,0,0,31,358,0,Development Needs
SHIVAJINAGAR- GHOLE ROAD,2,Sanjeevan Surgery/ Atharva Netralaya & Reserch Centre ,4,1,0,10,0,0,0,0,0,0,61,499,0,Development Needs
SINGHARD ROAD,3,Nerlikars Hospital,4,1,0,5,0,0,0,0,0,0,62,397,0,Development Needs
YERAWADA-KALAS-DHANORI,1,Katariya Hospital,4,1,0,20,0,0,0,0,0,0,78,268,0,Development Needs
DHOLE-PATIL ROAD,1,Dr. Todkar Hospital,4,1,0,29,0,0,0,0,0,0,13,176,0,Development Needs
SAHAKARNAGAR-DHANKWADI,3,Marathe Hospital,4,1,0,9,0,0,0,0,0,0,60,362,0,Development Needs
SAHAKARNAGAR-DHANKWADI,3,Dr. Purohit Maternity Hospital,4,1,0,18,0,0,0,0,0,0,60,164,0,Development Needs
WARJE-KARVENAGAR,3,Dwidal Nursing Home,4,1,0,18,0,0,0,0,0,0,75,184,0,Development Needs
BIBEWADI,5,Gultekdi Nursing Home & Maternity Home,4,1,0,12,0,0,0,0,0,0,6,215,0,Development Needs
SAHAKARNAGAR-DHANKWADI,3,Sushrusha Hospital,4,1,0,5,0,0,0,0,0,0,60,572,0,Development Needs
BIBEWADI,5,Poona Advantist Hospital,4,1,0,90,0,0,0,0,0,0,6,447,0,Development Needs
BHAVANI PETH,5,Aliance Munot Hospital,4,1,0,33,0,0,0,0,0,0,5,21,0,Development Needs
BHAVANI PETH,5,Sharada Clinic,4,1,0,25,0,0,0,0,0,0,5,521,0,Development Needs
KASBA-VISHRAM,5,Anand Nursing Home,4,1,0,5,0,0,0,0,0,0,31,28,0,Development Needs
KASBA-VISHRAM,5,Sharada Clinic           Shaishav Clinic,5,1,0,100,0,0,0,0,0,0,31,522,0,Development Needs
SAHAKARNAGAR-DHANKWADI,3,ENT Hospital,5,1,0,3,0,0,0,0,0,0,60,190,0,Development Needs
KASBA-VISHRAM,5,Surgical Nursing Home,4,1,0,9,0,0,0,0,0,0,31,568,0,Development Needs
KASBA-VISHRAM,5,Sutika Seva Mandir,3,1,0,16,0,0,0,0,0,0,31,575,0,Development Needs
KASBA-VISHRAM,5,Naik Orthopadic Hospital,4,1,0,40,0,0,0,0,0,0,31,386,0,Development Needs
HADAPSAR-MUNDHWA,4,Ratnadeep  Hospital,4,1,0,3,0,0,0,0,0,0,26,472,0,Development Needs
BHAVANI PETH,5,Kering Hospital,4,1,0,17,0,0,0,0,0,0,5,273,0,Development Needs
KASBA-VISHRAM,5,Mahatma Gandhi Hospital,4,1,0,16,0,0,0,0,0,0,31,350,0,Development Needs
KASBA-VISHRAM,5,Dr.Patankar Medical Foundetion & Patankar Hospital Pvt. Ltd.,4,1,1,40,0,0,0,0,0,0,31,182,0,Development Needs
SHIVAJINAGAR- GHOLE ROAD,2,Deshmukh Hospital,4,1,0,8,0,0,0,0,0,0,61,116,0,Development Needs
KASBA-VISHRAM,5,Jijamata Hospital,4,1,0,3,0,0,0,0,0,0,31,245,0,Development Needs
SHIVAJINAGAR- GHOLE ROAD,2,Mulanche Navjeevan Hospital,5,1,0,13,0,0,0,0,0,0,61,381,0,Development Needs
SHIVAJINAGAR- GHOLE ROAD,2,Shreeyash Hospital,4,1,0,9,0,0,0,0,0,0,61,536,0,Development Needs
BIBEWADI,5,Yashraj Nursing Home,4,1,0,5,0,0,0,0,0,0,6,623,0,Development Needs
KASBA-VISHRAM,5,Wagdarikar Hospital,4,1,0,5,0,0,0,0,0,0,31,614,0,Development Needs
WARJE-KARVENAGAR,3,Vartak Health Services pvt. Ltd.,4,1,0,20,0,0,0,0,0,0,75,601,0,Development Needs
WARJE-KARVENAGAR,3,Madhavrao Rande Memorial Hospital (Sanjivan Hospital),4,1,1,50,0,0,0,0,1,0,75,346,0,Development Needs
KASBA-VISHRAM,5,Anand Maternity & Nursing Home,4,1,0,4,0,0,0,0,0,0,31,26,0,Development Needs
KASBA-VISHRAM,5,Gokhale Hospital,4,1,0,11,0,0,0,0,0,0,31,210,0,Development Needs
KOTHRUD-BAVDHAN,2,Suyash Hospityal,4,1,0,8,0,0,0,0,0,0,33,578,0,Development Needs
SAHAKARNAGAR-DHANKWADI,3,Pooja Nursing Home,4,1,0,10,0,0,0,0,0,0,60,446,0,Development Needs
KASBA-VISHRAM,5,Dr. Ranade Hospital ,3,1,0,5,0,0,0,0,0,0,31,166,0,Development Needs
SAHAKARNAGAR-DHANKWADI,3,Asha Nursing Home,4,1,0,4,0,0,0,0,0,0,60,38,0,Development Needs
KASBA-VISHRAM,5,Lathi Hospital & Surgical Nursing Home,4,1,0,5,0,0,0,0,0,0,31,333,0,Development Needs
DHOLE-PATIL ROAD,1,Kalekar Hospital,4,1,0,5,0,0,0,0,0,0,13,254,0,Development Needs
KASBA-VISHRAM,5,Godbole Hospital ,4,1,0,10,0,0,0,0,0,0,31,209,0,Development Needs
DHOLE-PATIL ROAD,1,Matruseva Hospital Maternity & Surgical Nursing Home,4,1,0,5,0,0,0,0,0,0,13,366,0,Development Needs
WANADI-RAMTEKDI,4,Shanta Clinic,4,1,0,4,0,0,0,0,0,0,74,518,0,Development Needs
WARJE-KARVENAGAR,3,Nachiket Hospital,4,1,0,14,0,0,0,0,0,0,75,385,0,Development Needs
KASBA-VISHRAM,5,Surya Hospital pvt.ltd. Surya sahaydri hospital,4,1,1,71,0,0,0,0,1,0,31,569,0,Development Needs
KASBA-VISHRAM,5,Kelkar Pediatric Hospital     ( Children ),5,1,0,5,0,0,0,0,0,0,31,272,0,Development Needs
WARJE-KARVENAGAR,3,Dhodu Mama Sathe Hospital Vaidykiya Mahavidyalaya,4,1,1,100,0,0,0,0,1,0,75,129,0,Development Needs
SHIVAJINAGAR- GHOLE ROAD,2,Sancheti Institute for Orthopedic & Rehabilitaion,4,1,1,100,0,0,0,0,1,0,61,495,0,Development Needs
SHIVAJINAGAR- GHOLE ROAD,2,Bapat Hospital,4,1,0,5,0,0,0,0,0,0,61,56,0,Development Needs
KASBA-VISHRAM,5,Shintre Hospital,3,1,0,7,0,0,0,0,0,0,31,528,0,Development Needs
KASBA-VISHRAM,5,Nursing Home,4,1,0,9,0,0,0,0,0,0,31,411,0,Development Needs
KOTHRUD-BAVDHAN,2,Dhanwantari Hospital,4,1,0,10,0,0,0,0,0,0,33,125,0,Development Needs
YERAWADA-KALAS-DHANORI,1,Vinayak Hospital Maternity Nursing Home & Vinayak Homopatic Clinic,4,1,0,5,0,0,0,0,0,0,78,609,0,Development Needs
KASBA-VISHRAM,5,Amey Nursing Home,4,1,0,5,0,0,0,0,0,0,31,22,0,Development Needs
KASBA-VISHRAM,5,Poona Hospital & Reasarch Center,4,1,1,300,0,0,0,0,1,0,31,449,0,Development Needs
SHIVAJINAGAR- GHOLE ROAD,2,Deodhar Eyes Hospital,4,1,0,2,0,0,0,0,0,0,61,114,0,Development Needs
KOTHRUD-BAVDHAN,2,Devyani Hospital Surguri Maternity & General Nursing Home,4,1,0,14,0,0,0,0,0,0,33,120,0,Development Needs
WARJE-KARVENAGAR,3,Niramay Nursing Home,4,1,0,4,0,0,0,0,0,0,75,402,0,Development Needs
KASBA-VISHRAM,5,Dr. Khurd Maternity Home,3,1,0,4,0,0,0,0,0,0,31,151,0,Development Needs
HADAPSAR-MUNDHWA,4,Sanjeevani Nursing Home,4,1,0,4,0,0,0,0,0,0,26,501,0,Development Needs
YERAWADA-KALAS-DHANORI,1,Mamata Maternity Nursing Home,4,1,0,7,0,0,0,0,0,0,78,355,0,Development Needs
KOTHRUD-BAVDHAN,2,Maher CLINIC,4,1,0,4,0,0,0,0,0,0,33,351,0,Development Needs
DHOLE-PATIL ROAD,1,Jehangir Hospital,4,1,1,335,0,0,0,0,1,0,13,243,0,Development Needs
KOTHRUD-BAVDHAN,2,Phadnis Hospital Maternity & General Nursing Home,3,1,0,4,0,0,0,0,0,0,33,443,0,Development Needs
SHIVAJINAGAR- GHOLE ROAD,2,Deendayal Memorial Hospital,4,1,1,48,0,0,0,0,1,0,61,112,0,Development Needs
WARJE-KARVENAGAR,3,Sahwas Hospital Nursing Home,4,1,0,3,0,0,0,0,0,0,75,485,0,Development Needs
YERAWADA-KALAS-DHANORI,1,Komal  Nursing Home & Shetiya Hospital,4,1,0,20,0,0,0,0,0,0,78,280,0,Development Needs
KASBA-VISHRAM,5,Asha Kiran Hospital,4,1,0,16,0,0,0,0,0,0,31,37,0,Development Needs
SAHAKARNAGAR-DHANKWADI,5,Kothari Hospital,4,1,0,10,0,0,0,0,0,0,60,283,0,Development Needs
BHAVANI PETH,5,Bora Nursing Home,4,1,0,8,0,0,0,0,0,0,5,76,0,Development Needs
SHIVAJINAGAR- GHOLE ROAD,2,Suraj Hospital,4,1,0,2,0,0,0,0,0,0,61,567,0,Development Needs
SHIVAJINAGAR- GHOLE ROAD,2,Suman Polyclinic & Nursing Home Pediatric & Medical,4,1,0,10,0,0,0,0,0,0,61,564,0,Development Needs
HADAPSAR-MUNDHWA,4,Tupe Hospital,4,1,0,4,0,0,0,0,0,0,26,591,0,Development Needs
DHOLE-PATIL ROAD,1,Sadhu Vaswani Mission Medical Complex  (inlax & Budhrani Hospital),4,1,1,369,0,0,0,0,1,0,13,483,0,Development Needs
DHOLE-PATIL ROAD,1,N.M.Wadiya Institute of Cardiology Charitable Trust,5,1,1,57,0,0,0,0,1,0,13,384,0,Development Needs
SHIVAJINAGAR- GHOLE ROAD,2,Sardesai Hospital & ENT Hospital,5,1,0,2,0,0,0,0,0,0,61,505,0,Development Needs
HADAPSAR-MUNDHWA,4,Dr. Vaidya Hospital Surgical & General Nursing Home,4,1,0,8,0,0,0,0,0,0,26,177,0,Development Needs
SHIVAJINAGAR- GHOLE ROAD,2,Dabake Maternity & General Nursing Home,4,1,0,9,0,0,0,0,0,0,61,106,0,Development Needs
SHIVAJINAGAR- GHOLE ROAD,2,Krishna Hospital,4,1,1,40,0,0,0,0,1,0,61,284,0,Development Needs
SHIVAJINAGAR- GHOLE ROAD,2,Nursing Home,4,1,0,8,0,0,0,0,0,0,61,411,0,Development Needs
SHIVAJINAGAR- GHOLE ROAD,2,Ghaisas ENT Hospital,5,1,0,3,0,0,0,0,0,0,61,206,0,Development Needs
KASBA-VISHRAM,5,Sarswati Vilas Hospital,4,1,0,8,0,0,0,0,0,0,31,507,0,Development Needs
BIBEWADI,5,Rukhmini Hospital,4,1,0,2,0,0,0,0,0,0,6,478,0,Development Needs
BIBEWADI,5,Dr. Khanade Hospital,3,1,0,6,0,0,0,0,0,0,6,150,0,Development Needs
SHIVAJINAGAR- GHOLE ROAD,2,Swanand Maternity Hospital & Laboretary,4,1,0,9,0,0,0,0,0,0,61,581,0,Development Needs
WARJE-KARVENAGAR,3,Childrens Hospital,5,1,0,5,0,0,0,0,0,0,75,97,0,Development Needs
SHIVAJINAGAR- GHOLE ROAD,2,Om Hospital,4,1,0,15,0,0,0,0,0,0,61,414,0,Development Needs
SAHAKARNAGAR-DHANKWADI,3,Mahajan Nursing Home,4,1,0,5,0,0,0,0,0,0,60,348,0,Development Needs
SHIVAJINAGAR- GHOLE ROAD,2,Sant Clinic Gaynic & Maternity Home. (Strirog & prasuti Shashtra Hospital),4,1,0,7,0,0,0,0,0,0,61,504,0,Development Needs
KOTHRUD-BAVDHAN,2,Rode Hospital,4,1,0,7,0,0,0,0,0,0,33,476,0,Development Needs
SINGHARD ROAD,3,Potdar Maternity Home Obstetric & Gayncology & Pediyatric Speacility,4,1,0,5,0,0,0,0,0,0,62,452,0,Development Needs
SAHAKARNAGAR-DHANKWADI,3,Zanwar Eye Hospital,4,1,0,6,0,0,0,0,0,0,60,628,0,Development Needs
SAHAKARNAGAR-DHANKWADI,3,Chinmay Nursing Home,4,1,0,5,0,0,0,0,0,0,60,98,0,Development Needs
WARJE-KARVENAGAR,3,Shreyas Maternity Home,4,1,0,5,0,0,0,0,0,0,75,537,0,Development Needs
KOTHRUD-BAVDHAN,2,Marathe Nursing Home,4,1,0,5,0,0,0,0,0,0,33,363,0,Development Needs
SHIVAJINAGAR- GHOLE ROAD,2,Gupte hospital of acurate daigonestic pvt.ltd.,3,1,0,15,0,0,0,0,0,0,61,216,0,Development Needs
HADAPSAR-MUNDHWA,4,Sadhana Hospital & General Hospital,4,1,0,5,0,0,0,0,0,0,26,482,0,Development Needs
BIBEWADI,5,Kamal Nursing Home,4,1,0,19,0,0,0,0,0,0,6,259,0,Development Needs
BIBEWADI,5,Joshi Hospital Maternity & Gaynic Hospital,4,1,0,4,0,0,0,0,0,0,6,248,0,Development Needs
KASBA-VISHRAM,5,Akshay Nursing Home,4,1,0,7,0,0,0,0,0,0,31,19,0,Development Needs
WANADI-RAMTEKDI,4,Chaitanya Nursing Home,4,1,0,5,0,0,0,0,0,0,74,88,0,Development Needs
SHIVAJINAGAR- GHOLE ROAD,2,Maharashtra Medical Foundetion Ratna Memorial Hospital,4,1,1,102,0,0,0,0,1,0,61,349,0,Development Needs
KOTHRUD-BAVDHAN,2,Kamal Netra Rugnalya,4,1,0,5,0,0,0,0,0,0,33,258,0,Development Needs
HADAPSAR-MUNDHWA,4,Deodhar Nursing Home,4,1,0,9,0,0,0,0,0,0,26,115,0,Development Needs
HADAPSAR-MUNDHWA,4,Deodhar Nursing Home,4,1,0,20,0,0,0,0,0,0,26,115,0,Development Needs
KOTHRUD-BAVDHAN,2,Sushrut Narsing Home,4,1,0,11,0,0,0,0,0,0,33,574,0,Development Needs
BIBEWADI,5,Anand Hospital,4,1,0,3,0,0,0,0,0,0,6,25,0,Development Needs
KASBA-VISHRAM,5,Bhide Hospital Balrog Vibhag,5,1,0,15,0,0,0,0,0,0,31,67,0,Development Needs
NAGAR ROAD- VADGOANSHERI,1,Krushna Hospital & Nursing Home,4,1,0,5,0,0,0,0,0,0,51,286,0,Development Needs
WARJE-KARVENAGAR,3,Agarwal Nursing Home & General Hospital,4,1,0,6,0,0,0,0,0,0,75,13,0,Development Needs
WARJE-KARVENAGAR,3,Ashwini Nursing Home,4,1,0,5,0,0,0,0,0,0,75,44,0,Development Needs
HADAPSAR-MUNDHWA,4,Manu Eye Hospital,4,1,0,1,0,0,0,0,0,0,26,361,0,Development Needs
WARJE-KARVENAGAR,3,Shri. P.P.Loknath TirthSwami Maharaj Smarak Shri. Tuljabhavani Aarogya Dham,4,1,0,1,0,0,0,0,0,0,75,547,0,Development Needs
SAHAKARNAGAR-DHANKWADI,3,Shraddha Hospital ,4,1,0,8,0,0,0,0,0,0,60,529,0,Development Needs
AUNDH-BANER,2,Kotbagi  Hospital Pvt. Ltd.,4,1,0,15,0,0,0,0,0,0,0,282,0,Development Needs
HADAPSAR-MUNDHWA,4,Dr. Gaikwad Hospital,4,1,0,2,0,0,0,0,0,0,26,142,0,Development Needs
SHIVAJINAGAR- GHOLE ROAD,2,Kushte Nursing Home Maternity & General Surgical Nursing Home,4,1,0,3,0,0,0,0,0,0,61,293,0,Development Needs
NAGAR ROAD- VADGOANSHERI,1,Shri Hospital Nursing,4,1,0,25,0,0,0,0,0,0,51,540,0,Development Needs
SAHAKARNAGAR-DHANKWADI,3,Suman Sargical Home,4,1,0,4,0,0,0,0,0,0,60,565,0,Development Needs
BIBEWADI,5,Kale Hospital,4,1,0,6,0,0,0,0,0,0,6,253,0,Development Needs
HADAPSAR-MUNDHWA,4,Dhanwantari Hospital,4,1,0,12,0,0,0,0,0,0,26,125,0,Development Needs
DHOLE-PATIL ROAD,1,Shaikh  Hospital,3,1,0,15,0,0,0,0,0,0,13,516,0,Development Needs
BIBEWADI,5,Dr. Purohit Nursing Home,4,1,0,15,0,0,0,0,0,0,6,165,0,Development Needs
NAGAR ROAD- VADGOANSHERI,1,Dr. Nenes Hospital,4,1,0,10,0,0,0,0,0,0,51,157,0,Development Needs
SINGHARD ROAD,3,Vastalya Nursing Home,4,1,0,5,0,0,0,0,0,0,62,603,0,Development Needs
SHIVAJINAGAR- GHOLE ROAD,2,Deep  Eye Clinic ,4,1,0,2,0,0,0,0,0,0,61,113,0,Development Needs
KASBA-VISHRAM,5,Yogesh Hospital,4,1,0,11,0,0,0,0,0,0,31,626,0,Development Needs
AUNDH-BANER,2,Shreyash Maternity & Eye Hospital,4,1,0,5,0,0,0,0,0,0,0,538,0,Development Needs
WARJE-KARVENAGAR,3,Omkar Nursing Home,3,1,0,4,0,0,0,0,0,0,75,416,0,Development Needs
SHIVAJINAGAR- GHOLE ROAD,2,Walvekar Hospital,3,1,0,1,0,0,0,0,0,0,61,616,0,Development Needs
SHIVAJINAGAR- GHOLE ROAD,2,Kelkar Hospital,4,1,0,16,0,0,0,0,0,0,61,270,0,Development Needs
AUNDH-BANER,2,Latkar Hospital,4,1,0,6,0,0,0,0,0,0,0,334,0,Development Needs
BIBEWADI,5,Siddharth Hospital,4,1,0,23,0,0,0,0,0,0,6,553,0,Development Needs
BIBEWADI,5,Shri J. Hospital,4,1,0,5,0,0,0,0,0,0,6,541,0,Development Needs
WANADI-RAMTEKDI,4,Orthopedic Nursing Home,4,1,0,14,0,0,0,0,0,0,74,417,0,Development Needs
SHIVAJINAGAR- GHOLE ROAD,2,Dr. Wachasunder ENT Clinic,5,1,0,3,0,0,0,0,0,0,61,178,0,Development Needs
NAGAR ROAD- VADGOANSHERI,1,PETELS HOSPITAL,4,1,0,9,0,0,0,0,0,0,51,421,0,Development Needs
KOTHRUD-BAVDHAN,2,Indira Nursing Home,4,1,0,5,0,0,0,0,0,0,33,234,0,Development Needs
KOTHRUD-BAVDHAN,2,Dr. Sabane Prasuti & Shushrusha Gruh,3,1,0,1,0,0,0,0,0,0,33,168,0,Development Needs
SINGHARD ROAD,3,Anup Hospital,4,1,0,5,0,0,0,0,0,0,62,32,0,Development Needs
SHIVAJINAGAR- GHOLE ROAD,2,Kelkar Nursing Home,4,1,0,4,0,0,0,0,0,0,61,271,0,Development Needs
HADAPSAR-MUNDHWA,4,Nirmal  Memorial Hospital,4,1,0,9,0,0,0,0,0,0,26,404,0,Development Needs
KASBA-VISHRAM,5,Umarji Hospital,4,1,0,5,0,0,0,0,0,0,31,592,0,Development Needs
SAHAKARNAGAR-DHANKWADI,3,Bhave Nursing Hospital,4,1,0,8,0,0,0,0,0,0,60,66,0,Development Needs
YERAWADA-KALAS-DHANORI,1,Mathura Hospital,4,1,0,6,0,0,0,0,0,0,78,364,0,Development Needs
SAHAKARNAGAR-DHANKWADI,3,Date Hospital,4,1,0,6,0,0,0,0,0,0,60,108,0,Development Needs
SHIVAJINAGAR- GHOLE ROAD,2,Phadke Hospital,4,1,0,30,0,0,0,0,0,0,61,442,0,Development Needs
HADAPSAR-MUNDHWA,4,Remedy Hospital,4,1,0,25,0,0,0,0,0,0,26,473,0,Development Needs
KONDHWA-YEVALEWADI,4,Purunanda Sargical Clinic,4,1,0,5,0,0,0,0,0,0,32,463,0,Development Needs
HADAPSAR-MUNDHWA,4,Navjeevan Hospital,4,1,0,6,0,0,0,0,0,0,26,393,0,Development Needs
BIBEWADI,5,Parasnis Hospital,3,1,0,24,0,0,0,0,0,0,6,432,0,Development Needs
WARJE-KARVENAGAR,3,Aarogya Seva Medical Academy  of India Charitable Trust & ACE Hospital ( Multi Speciality Care ),5,1,0,35,0,0,0,0,0,0,75,5,0,Development Needs
KASBA-VISHRAM,5,Gandhi Accident & General Hospital,4,1,0,5,0,0,0,0,0,0,31,201,0,Development Needs
HADAPSAR-MUNDHWA,4,Gaikwad Hospital,4,1,0,11,0,0,0,0,0,0,26,200,0,Development Needs
NAGAR ROAD- VADGOANSHERI,1,Shushrut Hospital,4,1,0,4,0,0,0,0,0,0,51,550,0,Development Needs
SHIVAJINAGAR- GHOLE ROAD,2,Sakhi Clinic,4,1,0,6,0,0,0,0,0,0,61,490,0,Development Needs
KOTHRUD-BAVDHAN,2,Sarpotdar Eye Hospital,4,1,0,6,0,0,0,0,0,0,33,506,0,Development Needs
WARJE-KARVENAGAR,3,Akshay Hospital,4,1,0,8,0,0,0,0,0,0,75,18,0,Development Needs
KOTHRUD-BAVDHAN,2,Kulkarni Endo Surgery  Institute & Reconstructive  Urology  Center,4,1,0,21,0,0,0,0,0,0,33,287,0,Development Needs
WARJE-KARVENAGAR,3,Srujan Maternity & Nursing Home,4,1,0,5,0,0,0,0,0,0,75,563,0,Development Needs
SHIVAJINAGAR- GHOLE ROAD,2,Joglekar Hospital,4,1,0,20,0,0,0,0,0,0,61,247,0,Development Needs
BIBEWADI,5,Karne Hospital Pvt. Ltd. Orthopedic Nursing Home,4,1,0,23,0,0,0,0,0,0,6,266,0,Development Needs
SAHAKARNAGAR-DHANKWADI,3,Dr. Pai Hospital,4,1,0,6,0,0,0,0,0,0,60,158,0,Development Needs
SHIVAJINAGAR- GHOLE ROAD,2,Pramodini Urology Foundiation & Stree Clinic,4,1,0,15,0,0,0,0,0,0,61,458,0,Development Needs
SAHAKARNAGAR-DHANKWADI,3,Siddhant Maternity Home,4,1,0,15,0,0,0,0,0,0,60,551,0,Development Needs
BIBEWADI,5,Dr. Tekwade Eye Hospital,4,1,0,2,0,0,0,0,0,0,6,173,0,Development Needs
KASBA-VISHRAM,5,Date Hospital,4,1,0,14,0,0,0,0,0,0,31,108,0,Development Needs
BHAVANI PETH,5,Swyam Clinic & Nursing Home,4,1,0,15,0,0,0,0,0,0,5,584,0,Development Needs
KASBA-VISHRAM,5,Kulkarni Hospital & Child Hospital & Prasutigruh,4,1,0,3,0,0,0,0,0,0,31,288,0,Development Needs
KOTHRUD-BAVDHAN,2,Suryaprabha Nursing Home & ENT Hospital,4,1,0,11,0,0,0,0,0,0,33,571,0,Development Needs
KASBA-VISHRAM,5,Chandak Hospital,4,1,0,4,0,0,0,0,0,0,31,89,0,Development Needs
SAHAKARNAGAR-DHANKWADI,3,Dr. Patwardhan Hospital & Prasutigruha,4,1,0,5,0,0,0,0,0,0,60,162,0,Development Needs
YERAWADA-KALAS-DHANORI,1,Dr. Talesara  Hospital,4,1,0,6,0,0,0,0,0,0,78,171,0,Development Needs
KOTHRUD-BAVDHAN,2,Anand Medical Foundetion & Subuodh Hospital & Resarch Center,4,1,0,40,0,0,0,0,0,0,33,27,0,Development Needs
KONDHWA-YEVALEWADI,4,Satyanand  Hospital ,4,1,0,36,0,0,0,0,0,0,32,511,0,Development Needs
KASBA-VISHRAM,5,Aashtang Ayurved Rugnalaya,4,1,0,25,0,0,0,0,0,0,31,6,0,Development Needs
YERAWADA-KALAS-DHANORI,1,Vaibhav General Hospital,4,1,0,13,0,0,0,0,0,0,78,598,0,Development Needs
KONDHWA-YEVALEWADI,4,Dr. Telang Hospital,3,1,0,4,0,0,0,0,0,0,32,174,0,Development Needs
SAHAKARNAGAR-DHANKWADI,3,Mother Home  Fartility Clinic,4,1,0,3,0,0,0,0,0,0,60,378,0,Development Needs
WARJE-KARVENAGAR,3,Vivekanand Medical Foundetion Under Dr. Khenat Hospital,4,1,0,6,0,0,0,0,0,0,75,612,0,Development Needs
BIBEWADI,5,Dr. Bhagli Clinic,4,1,0,4,0,0,0,0,0,0,6,135,0,Development Needs
BIBEWADI,5,Dr. Bhagli Nursing Home,4,1,0,12,0,0,0,0,0,0,6,136,0,Development Needs
SAHAKARNAGAR-DHANKWADI,3,Shatau Hospital,4,1,0,15,0,0,0,0,0,0,60,523,0,Development Needs
NAGAR ROAD- VADGOANSHERI,1,Niramay Hospital,4,1,0,15,0,0,0,0,0,0,51,401,0,Development Needs
WARJE-KARVENAGAR,3,Sneha ENT Hospital,5,1,0,2,0,0,0,0,0,0,75,561,0,Development Needs
WARJE-KARVENAGAR,3,Sayali Nursing Home,3,1,0,5,0,0,0,0,0,0,75,512,0,Development Needs
SINGHARD ROAD,3,Kamla Devi Memorial Hospital,4,1,0,6,0,0,0,0,0,0,62,264,0,Development Needs
KONDHWA-YEVALEWADI,4,Vimal Nursing Home,4,1,0,16,0,0,0,0,0,0,32,607,0,Development Needs
KONDHWA-YEVALEWADI,4,Pawar Multispeciality Hospital & dignostic Centre Pvt.Ltd.,4,1,1,53,0,0,0,0,1,0,32,439,0,Development Needs
SINGHARD ROAD,3,Madhukar General Hospital,4,1,0,24,0,0,0,0,0,0,62,347,0,Development Needs
DHOLE-PATIL ROAD,1,Mulye Hospital,4,1,0,4,0,0,0,0,0,0,13,382,0,Development Needs
BHAVANI PETH,5,Todkar Hospital,4,1,0,15,0,0,0,0,0,0,5,587,0,Development Needs
KASBA-VISHRAM,5,Parvati Netra Chikitsalya,4,1,0,2,0,0,0,0,0,0,31,436,0,Development Needs
SAHAKARNAGAR-DHANKWADI,3,Yashwant Hospital,4,1,0,7,0,0,0,0,0,0,60,625,0,Development Needs
KOTHRUD-BAVDHAN,2,Suyash Hospital,4,1,0,6,0,0,0,0,0,0,33,577,0,Development Needs
KOTHRUD-BAVDHAN,2,Kamat Clinic,4,1,0,3,0,0,0,0,0,0,33,262,0,Development Needs
SINGHARD ROAD,3,Jagtap Hospital,4,1,1,38,0,0,0,0,1,0,62,237,0,Development Needs
BHAVANI PETH,5,Manohar Prasuti Gruha,4,1,0,10,0,0,0,0,0,0,5,357,0,Development Needs
DHOLE-PATIL ROAD,1,Modern ENT Hospital,5,1,0,3,0,0,0,0,0,0,13,372,0,Development Needs
SHIVAJINAGAR- GHOLE ROAD,2,Gadkari Eye Center,4,1,0,2,0,0,0,0,0,0,61,199,0,Development Needs
SHIVAJINAGAR- GHOLE ROAD,2,Dhadfale Nursing Home,4,1,0,3,0,0,0,0,0,0,61,122,0,Development Needs
KASBA-VISHRAM,5,Dhruvis  Clinic,4,1,0,5,0,0,0,0,0,0,31,130,0,Development Needs
WARJE-KARVENAGAR,3,Joshi Maternity Hospital,3,1,0,8,0,0,0,0,0,0,75,249,0,Development Needs
SINGHARD ROAD,3,Bhandari Maternity & Nursing Home,4,1,0,25,0,0,0,0,0,0,62,61,0,Development Needs
SINGHARD ROAD,3,Adate General Hospital,4,1,0,6,0,0,0,0,0,0,62,10,0,Development Needs
KOTHRUD-BAVDHAN,2,Sathe Maternity Home,4,1,0,7,0,0,0,0,0,0,33,510,0,Development Needs
KASBA-VISHRAM,5,Deshmukh Nursing Home,4,1,0,4,0,0,0,0,0,0,31,117,0,Development Needs
WANADI-RAMTEKDI,4,Kamal Nursing Home & Maternity Home,4,1,0,5,0,0,0,0,0,0,74,260,0,Development Needs
SHIVAJINAGAR- GHOLE ROAD,2,Prakash Eyes Hospital,4,1,0,2,0,0,0,0,0,0,61,454,0,Development Needs
WARJE-KARVENAGAR,3,Sanjeevani Hospital,4,1,0,8,0,0,0,0,0,0,75,500,0,Development Needs
NAGAR ROAD- VADGOANSHERI,1,ENT & Eyes Hospital ( Sant Hospital ),5,1,0,6,0,0,0,0,0,0,51,189,0,Development Needs
NAGAR ROAD- VADGOANSHERI,1,Aawari Hospital,4,1,0,8,0,0,0,0,0,0,51,7,0,Development Needs
KOTHRUD-BAVDHAN,2,Kidny & Dialysis  Center ( Ambike Hospital ),5,1,0,12,0,0,0,0,0,0,33,275,0,Development Needs
SINGHARD ROAD,3,Sham Nursing Home,4,1,0,5,0,0,0,0,0,0,62,517,0,Development Needs
HADAPSAR-MUNDHWA,4,Dharmadhikari Hospital,4,1,0,12,0,0,0,0,0,0,26,128,0,Development Needs
KASBA-VISHRAM,5,Eye Hospital ( Dr. Bhats Eye Care Center ),4,1,0,2,0,0,0,0,0,0,31,194,0,Development Needs
BHAVANI PETH,5,K.E.M. Hospital,4,1,1,568,0,0,0,0,1,0,5,251,0,Development Needs
KOTHRUD-BAVDHAN,2,vatsal Hospital,4,1,0,4,0,0,0,0,0,0,33,698,0,Development Needs
HADAPSAR-MUNDHWA,4,Samarth Hospital,4,1,0,1,0,0,0,0,0,0,26,493,0,Development Needs
KONDHWA-YEVALEWADI,4,Shri Sai Sneh Diagnostic  Center Pvt. Ltd.,4,1,0,31,0,0,0,0,0,0,32,543,0,Development Needs
HADAPSAR-MUNDHWA,4,Maher Nursing Home,4,1,0,5,0,0,0,0,0,0,26,352,0,Development Needs
KASBA-VISHRAM,5,N.M.Wadia Hospital,4,1,0,70,0,0,0,0,0,0,31,383,0,Development Needs
SAHAKARNAGAR-DHANKWADI,3,Chaitanya Nursing Home,4,1,0,5,0,0,0,0,0,0,60,88,0,Development Needs
YERAWADA-KALAS-DHANORI,1,Belsare ENT Hospital,5,1,0,2,0,0,0,0,0,0,78,58,0,Development Needs
HADAPSAR-MUNDHWA,4,Bhalerao Prasuti Gruha,4,1,0,10,0,0,0,0,0,0,26,60,0,Development Needs
KASBA-VISHRAM,5,Dr. S.D.Patil Eye Clinic & Hospital,4,1,0,2,0,0,0,0,0,0,31,167,0,Development Needs
KOTHRUD-BAVDHAN,2,Suvidha Nursing Home,4,1,0,5,0,0,0,0,0,0,33,576,0,Development Needs
DHOLE-PATIL ROAD,1,Kumbhare Hospital,4,1,0,4,0,0,0,0,0,0,13,290,0,Development Needs
KOTHRUD-BAVDHAN,2,Kurtkoti Nursing Home,4,1,0,5,0,0,0,0,0,0,33,292,0,Development Needs
BIBEWADI,5,Dr. Kashyap Nursing Home,4,1,0,8,0,0,0,0,0,0,6,148,0,Development Needs
SAHAKARNAGAR-DHANKWADI,3,Purohit Hospital,4,1,0,10,0,0,0,0,0,0,60,462,0,Development Needs
DHOLE-PATIL ROAD,1,Panchsheel Hospital,4,1,0,20,0,0,0,0,0,0,13,428,0,Development Needs
SAHAKARNAGAR-DHANKWADI,3,Paras Nursing Home,4,1,0,2,0,0,0,0,0,0,60,431,0,Development Needs
SAHAKARNAGAR-DHANKWADI,3,Dr. Parkhi Nursing Home,4,1,0,5,0,0,0,0,0,0,60,160,0,Development Needs
KOTHRUD-BAVDHAN,2,Vyanketesh  General Hospital,4,1,0,5,0,0,0,0,0,0,33,613,0,Development Needs
DHOLE-PATIL ROAD,1,Modern Hospital,4,1,0,15,0,0,0,0,0,0,13,373,0,Development Needs
KONDHWA-YEVALEWADI,4,G.M.Babubhai Memorial Hospital,4,1,0,14,0,0,0,0,0,0,32,197,0,Development Needs
BIBEWADI,5,"Ranka Medical Foundetion, Ranka Hospital",4,1,1,101,0,0,0,0,0,0,6,471,0,Development Needs
NAGAR ROAD- VADGOANSHERI,1,Salunke Hospital,4,1,0,15,0,0,0,0,0,0,51,491,0,Development Needs
AUNDH-BANER,2,Sanjeev Maternity & Surgical Hospital,4,1,0,15,0,0,0,0,0,0,0,498,0,Development Needs
NAGAR ROAD- VADGOANSHERI,1,Kedarnath Nursing Home,4,1,0,24,0,0,0,0,0,0,51,269,0,Development Needs
DHOLE-PATIL ROAD,1,Kirad Hospital,4,1,0,10,0,0,0,0,0,0,13,277,0,Development Needs
AUNDH-BANER,2,Jeevan Deep Medicare  Center,4,1,0,9,0,0,0,0,0,0,0,240,0,Development Needs
YERAWADA-KALAS-DHANORI,1,Shri Samrath Hospital,3,1,0,6,0,0,0,0,0,0,78,546,0,Development Needs
HADAPSAR-MUNDHWA,4,PBMAS H.V.Desai Hospital,4,1,0,95,0,0,0,0,0,0,26,420,0,Development Needs
KASBA-VISHRAM,5,Prabhudesai Eye Clinic,4,1,0,2,0,0,0,0,0,0,31,453,0,Development Needs
WARJE-KARVENAGAR,3,Bhagirathi Child Hospital,5,1,0,8,0,0,0,0,0,0,75,59,0,Development Needs
NAGAR ROAD- VADGOANSHERI,1,Inam Hospital Charitable Trust,4,1,0,8,0,0,0,0,0,0,51,232,0,Development Needs
KASBA-VISHRAM,5,Dr. Gujrathi Clinic,4,1,0,4,0,0,0,0,0,0,31,144,0,Development Needs
HADAPSAR-MUNDHWA,4,Usha Kiran Hospital,4,1,0,28,0,0,0,0,0,0,26,596,0,Development Needs
SINGHARD ROAD,3,Sadguru Nursing Home,4,1,0,6,0,0,0,0,0,0,62,481,0,Development Needs
WARJE-KARVENAGAR,3,Patil Hospital,4,1,0,5,0,0,0,0,0,0,75,437,0,Development Needs
SHIVAJINAGAR- GHOLE ROAD,2,"Family Planning Association of India, Pune",4,1,0,9,0,0,0,0,0,0,61,196,0,Development Needs
SINGHARD ROAD,3,M/s. Prachiti Hospital & Resarch Center,4,1,0,10,0,0,0,0,0,0,62,344,0,Development Needs
WARJE-KARVENAGAR,3,Deenannath Mangeshkar Hospital,4,1,1,812,0,0,0,0,1,0,75,111,0,Development Needs
KOTHRUD-BAVDHAN,2,Girija Nursing Home,4,1,0,10,0,0,0,0,0,0,33,207,0,Development Needs
WANADI-RAMTEKDI,4,Anusaya Hospital,4,1,0,8,0,0,0,0,0,0,74,34,0,Development Needs
SINGHARD ROAD,3,Yashwant Hospital,4,1,0,7,0,0,0,0,0,0,62,625,0,Development Needs
KASBA-VISHRAM,5,Chinmay Nursing Home ,4,1,0,5,0,0,0,0,0,0,31,99,0,Development Needs
KOTHRUD-BAVDHAN,2,Bakshi Hospital,4,1,0,3,0,0,0,0,0,0,33,53,0,Development Needs
WARJE-KARVENAGAR,3,Gayatri Hospital,4,1,0,7,0,0,0,0,0,0,75,204,0,Development Needs
KOTHRUD-BAVDHAN,2,Ashwini Nursing Home & Maternity Hospital,4,1,0,5,0,0,0,0,0,0,33,45,0,Development Needs
YERAWADA-KALAS-DHANORI,1,Dr. Konkar Nursing Home,4,1,0,4,0,0,0,0,0,0,78,152,0,Development Needs
HADAPSAR-MUNDHWA,4,Nande Hospital,4,1,0,10,0,0,0,0,0,0,26,390,0,Development Needs
AUNDH-BANER,2,Ajinkya Nursing Home,4,1,0,12,0,0,0,0,0,0,0,16,0,Development Needs
SHIVAJINAGAR- GHOLE ROAD,2,Pandit Clinic,4,1,0,5,0,0,0,0,0,0,61,429,0,Development Needs
HADAPSAR-MUNDHWA,4,Alatkar Hospital,4,1,0,8,0,0,0,0,0,0,26,20,0,Development Needs
KONDHWA-YEVALEWADI,4,Wankhede Hospital,4,1,0,15,0,0,0,0,0,0,32,617,0,Development Needs
YERAWADA-KALAS-DHANORI,1,Shah  Accident  Hospital,4,1,0,40,0,0,0,0,0,0,78,514,0,Development Needs
AUNDH-BANER,2,Life Line Hospital,4,1,0,5,0,0,0,0,0,0,0,337,0,Development Needs
BIBEWADI,5,Sangam Hospital,4,1,0,10,0,0,0,0,0,0,6,497,0,Development Needs
KASBA-VISHRAM,5,Children Hospital,4,1,0,3,0,0,0,0,0,0,31,96,0,Development Needs
SHIVAJINAGAR- GHOLE ROAD,2,Bidkar Nursing Home,4,1,0,4,0,0,0,0,0,0,61,71,0,Development Needs
SINGHARD ROAD,3,Patil Hospital,4,1,0,45,0,0,0,0,0,0,62,437,0,Development Needs
WARJE-KARVENAGAR,3,Padalkar Pediatric & Nionetal Nursing Home,5,1,0,5,0,0,0,0,0,0,75,427,0,Development Needs
DHOLE-PATIL ROAD,1,Todmal Nursing Home,4,1,0,10,0,0,0,0,0,0,13,588,0,Development Needs
AUNDH-BANER,2,Yashoda Nursing Home,4,1,0,4,0,0,0,0,0,0,0,622,0,Development Needs
BIBEWADI,5,Harsh Hospital,4,1,0,15,0,0,0,0,0,0,6,220,0,Development Needs
SHIVAJINAGAR- GHOLE ROAD,2,Polyclinic & Hospital,4,1,0,2,0,0,0,0,0,0,61,445,0,Development Needs
AUNDH-BANER,2,Medipoint Hospital,4,1,1,102,0,0,0,0,0,0,0,367,0,Development Needs
YERAWADA-KALAS-DHANORI,1,Kasturba Speciality Hospital,4,1,0,25,0,0,0,0,0,0,78,267,0,Development Needs
BIBEWADI,4,Mother Care Clinic Nursing Home,4,1,0,2,0,0,0,0,0,0,6,377,0,Development Needs
NAGAR ROAD- VADGOANSHERI,1,Dharma Orthopedic Center,4,1,0,6,0,0,0,0,0,0,51,127,0,Development Needs
DHOLE-PATIL ROAD,1,Badve Maternity & Nursing Home,3,1,0,5,0,0,0,0,0,0,13,51,0,Development Needs
KASBA-VISHRAM,5,Niranjan Nursing Home,4,1,0,15,0,0,0,0,0,0,31,403,0,Development Needs
WARJE-KARVENAGAR,3,Kulkarni Hospital & Daigonostic Center,4,1,0,7,0,0,0,0,0,0,75,289,0,Development Needs
NAGAR ROAD- VADGOANSHERI,1,Bumb Nursing Home,4,1,0,15,0,0,0,0,0,0,51,79,0,Development Needs
WARJE-KARVENAGAR,3,Mantri Hospital,4,1,0,10,0,0,0,0,0,0,75,360,0,Development Needs
SHIVAJINAGAR- GHOLE ROAD,2,Nayan Jyot Eye Clinic & Lesar Center,4,1,0,2,0,0,0,0,0,0,61,395,0,Development Needs
YERAWADA-KALAS-DHANORI,1,Amit Hospital,4,1,0,8,0,0,0,0,0,0,78,24,0,Development Needs
WARJE-KARVENAGAR,3,Pramila Care Center,4,1,0,6,0,0,0,0,0,0,75,457,0,Development Needs
KASBA-VISHRAM,5,Shahade Hospital,4,1,0,5,0,0,0,0,0,0,31,515,0,Development Needs
SINGHARD ROAD,3,Trimurti Hospital,4,1,0,20,0,0,0,0,0,0,62,590,0,Development Needs
NAGAR ROAD- VADGOANSHERI,1,Aadarsh Nursing Home,3,1,0,12,0,0,0,0,0,0,51,3,0,Development Needs
KOTHRUD-BAVDHAN,3,Senses ENT Hospital & Clinic,5,1,0,2,0,0,0,0,0,0,33,513,0,Development Needs
NAGAR ROAD- VADGOANSHERI,1,Agarwal Maternity & General Hospital,4,1,0,17,0,0,0,0,0,0,51,12,0,Development Needs
KONDHWA-YEVALEWADI,4,Nobal Hospital,4,1,1,8,0,0,0,0,1,0,32,406,0,Development Needs
NAGAR ROAD- VADGOANSHERI,1,Rakshak Hospital,4,1,1,60,0,0,0,0,0,0,51,468,0,Development Needs
SAHAKARNAGAR-DHANKWADI,3,Chaitanya Hospital & Nursing Home,4,1,0,25,0,0,0,0,0,0,60,86,0,Development Needs
AUNDH-BANER,2,Surya Netralaya,4,1,0,2,0,0,0,0,0,0,0,570,0,Development Needs
BHAVANI PETH,5,Vimal Hospital,4,1,0,5,0,0,0,0,0,0,5,606,0,Development Needs
SINGHARD ROAD,3,Chaitanya Hospital General Medicin Hospital,4,1,0,4,0,0,0,0,0,0,62,87,0,Development Needs
AUNDH-BANER,2,Dr. Sarode Nursing Home,4,1,0,3,0,0,0,0,0,0,0,170,0,Development Needs
HADAPSAR-MUNDHWA,4,Birajdar Nursing Home,3,1,0,3,0,0,0,0,0,0,26,72,0,Development Needs
SHIVAJINAGAR- GHOLE ROAD,2,Sandip Wagh Eye Center,4,1,0,2,0,0,0,0,0,0,61,496,0,Development Needs
SHIVAJINAGAR- GHOLE ROAD,2,C.D.C. & Center for Laproscopy Surgery,4,1,0,5,0,0,0,0,0,0,61,80,0,Development Needs
SAHAKARNAGAR-DHANKWADI,3,Shri Sainath Nursing Home,4,1,0,4,0,0,0,0,0,0,60,545,0,Development Needs
WA,3,Eye Care Center,4,1,0,2,0,0,0,0,0,0,73,193,0,Development Needs
HADAPSAR-MUNDHWA,4,Sanjeevani Nursing Home,4,1,0,30,0,0,0,0,0,0,26,501,0,Development Needs
YERAWADA-KALAS-DHANORI,1,Sirin  Hospital Pvt. Ltd.,4,1,0,26,0,0,0,0,0,0,78,558,0,Development Needs
HADAPSAR-MUNDHWA,4,Sunita Nursing Home,4,1,0,5,0,0,0,0,0,0,26,566,0,Development Needs
KASBA-VISHRAM,5,Day Care  Orthopedic Hospital,4,1,0,2,0,0,0,0,0,0,31,109,0,Development Needs
KOTHRUD-BAVDHAN,2,Prakash Nursing Home,4,1,0,4,0,0,0,0,0,0,33,456,0,Development Needs
SAHAKARNAGAR-DHANKWADI,3,Disha Nursing Home,4,1,0,11,0,0,0,0,0,0,60,131,0,Development Needs
WARJE-KARVENAGAR,3,Chaitanya Hospital,4,1,0,18,0,0,0,0,0,0,75,85,0,Development Needs
SINGHARD ROAD,3,Capital Polyclinic Health Hospital,4,1,0,9,0,0,0,0,0,0,62,83,0,Development Needs
SHIVAJINAGAR- GHOLE ROAD,2,Kaluskar Hospital & Laboretory,4,1,0,5,0,0,0,0,0,0,61,255,0,Development Needs
DHOLE-PATIL ROAD,1,Shri Samrath Hospital,4,1,0,20,0,0,0,0,0,0,13,546,0,Development Needs
KOTHRUD-BAVDHAN,2,Borse Nursing Home,4,1,0,7,0,0,0,0,0,0,33,78,0,Development Needs
HADAPSAR-MUNDHWA,4,Vaibhavi Hospital,4,1,0,30,0,0,0,0,0,0,26,600,0,Development Needs
KONDHWA-YEVALEWADI,4,Unity Ortho & Eyes Hospital,4,1,0,6,0,0,0,0,0,0,32,595,0,Development Needs
NAGAR ROAD- VADGOANSHERI,1,High-Line Hospital,4,1,0,15,0,0,0,0,0,0,51,225,0,Development Needs
KOTHRUD-BAVDHAN,2,Machve Hospital,4,1,0,5,0,0,0,0,0,0,33,345,0,Development Needs
BIBEWADI,5,Mehta Nursing Home,4,1,0,5,0,0,0,0,0,0,6,371,0,Development Needs
DHOLE-PATIL ROAD,1,Ganga Nursing Home,4,1,0,7,0,0,0,0,0,0,13,203,0,Development Needs
SHIVAJINAGAR- GHOLE ROAD,2,"Konkan Mitra Mandal Trust""s Sahyadri  super Speciality Hospital",4,1,1,202,0,0,0,0,1,0,61,281,0,Development Needs
SHIVAJINAGAR- GHOLE ROAD,2,Paranjpe Eye Clinic & Surgery Center,4,1,0,1,0,0,0,0,0,0,61,430,0,Development Needs
KOTHRUD-BAVDHAN,2,Sindhu Nursing Home,4,1,0,16,0,0,0,0,0,0,33,557,0,Development Needs
YERAWADA-KALAS-DHANORI,1,Sai nursing Home,4,1,0,8,0,0,0,0,0,0,78,488,0,Development Needs
SINGHARD ROAD,3,Ashirwad Hospital,4,1,0,15,0,0,0,0,0,0,62,40,0,Development Needs
SHIVAJINAGAR- GHOLE ROAD,2,Accurate Diagnostic Pvt. Ltd.,4,1,0,40,0,0,0,0,0,0,61,8,0,Development Needs
KOTHRUD-BAVDHAN,2,Suyash Nursing Home & General Nursing Hospital,4,1,0,7,0,0,0,0,0,0,33,579,0,Development Needs
NAGAR ROAD- VADGOANSHERI,1,Shri Datta Hospital & Nursing Home,4,1,0,2,0,0,0,0,0,0,51,539,0,Development Needs
AUNDH-BANER,2,Divya Clinic,4,1,0,2,0,0,0,0,0,0,0,132,0,Development Needs
SINGHARD ROAD,3,Gurukrupa Maternity Home,4,1,0,3,0,0,0,0,0,0,62,218,0,Development Needs
BIBEWADI,5,Dugad Hospital,4,1,0,15,0,0,0,0,0,0,6,183,0,Development Needs
SAHAKARNAGAR-DHANKWADI,3,Bharti Hospital,4,1,1,831,0,0,0,0,1,0,60,65,0,Development Needs
NAGAR ROAD- VADGOANSHERI,1,Nikhil polyclinic,4,1,0,12,0,0,0,0,0,0,51,400,0,Development Needs
YERAWADA-KALAS-DHANORI,1,Anand eye care,4,1,0,3,0,0,0,0,0,0,78,29,0,Development Needs
SAHAKARNAGAR-DHANKWADI,1,Shri Sainath Ho spital,4,1,0,5,0,0,0,0,0,0,60,544,0,Development Needs
KONDHWA-YEVALEWADI,4,Aadarsh Hospital,4,1,0,25,0,0,0,0,0,0,32,2,0,Development Needs
AUNDH-BANER,2,Parmar Hospital,4,1,0,22,0,0,0,0,0,0,0,434,0,Development Needs
SAHAKARNAGAR-DHANKWADI,3,Shrisai Prasad Hospital,4,1,0,5,0,0,0,0,0,0,60,549,0,Development Needs
HADAPSAR-MUNDHWA,4,Londhe Hospital,4,1,0,5,0,0,0,0,0,0,26,342,0,Development Needs
BIBEWADI,5,Chintamani Hospital,4,1,1,44,0,0,0,0,0,0,6,100,0,Development Needs
YERAWADA-KALAS-DHANORI,1,Rutu Anand Hospital,4,1,0,7,0,0,0,0,0,0,78,479,0,Development Needs
KONDHWA-YEVALEWADI,4,Yashraj Nursing Home,4,1,0,6,0,0,0,0,0,0,32,623,0,Development Needs
KASBA-VISHRAM,5,Bidaye Hospital pvt.ltd.,4,1,0,15,0,0,0,0,0,0,31,70,0,Development Needs
SINGHARD ROAD,3,Mankar children & eye hospital,5,1,0,12,0,0,0,0,0,0,62,356,0,Development Needs
SHIVAJINAGAR- GHOLE ROAD,2,Deccan Center,4,1,0,2,0,0,0,0,0,0,61,110,0,Development Needs
SAHAKARNAGAR-DHANKWADI,3,anand hospital,4,1,0,15,0,0,0,0,0,0,60,636,0,Development Needs
DHOLE-PATIL ROAD,1,Dr. Gogate  eye clinic,4,1,0,3,0,0,0,0,0,0,13,143,0,Development Needs
KOTHRUD-BAVDHAN,2,vinayak netralaya,4,1,0,2,0,0,0,0,0,0,33,701,0,Development Needs
BHAVANI PETH,5,City hospital & daigonestic center,4,1,0,15,0,0,0,0,0,0,5,103,0,Development Needs
NAGAR ROAD- VADGOANSHERI,1,Dr. jadhav eye foundetion resarch & devolapment center,4,1,0,3,0,0,0,0,0,0,51,181,0,Development Needs
SHIVAJINAGAR- GHOLE ROAD,2,khare eye institute,4,1,0,5,0,0,0,0,0,0,61,653,0,Development Needs
KOTHRUD-BAVDHAN,2,"sahyadri hospital , Kothrud",4,1,1,30,0,0,0,0,1,0,33,673,0,Development Needs
BIBEWADI,5,Dr. bande hospital,4,1,0,5,0,0,0,0,0,0,6,179,0,Development Needs
SHIVAJINAGAR- GHOLE ROAD,2,prashant hospital maternity & general hospital,4,1,0,4,0,0,0,0,0,0,61,666,0,Development Needs
KOTHRUD-BAVDHAN,2,sunny  nursing home,4,1,0,5,0,0,0,0,0,0,33,693,0,Development Needs
YERAWADA-KALAS-DHANORI,1,saideep eye hospital,4,1,0,2,0,0,0,0,0,0,78,675,0,Development Needs
BIBEWADI,5,Trimal Hospital,4,1,0,3,0,0,0,0,0,0,6,589,0,Development Needs
KASBA-VISHRAM,5,dr. pabalkar nursing home,4,1,0,4,0,0,0,0,0,0,31,645,0,Development Needs
WANADI-RAMTEKDI,4,vatsalya  children hospital,5,1,0,2,0,0,0,0,0,0,74,699,0,Development Needs
AUNDH-BANER,2,Healthplus nursing home,4,1,0,8,0,0,0,0,0,0,0,223,0,Development Needs
NAGAR ROAD- VADGOANSHERI,1,Shraddha Hospital ,3,1,0,6,0,0,0,0,0,0,51,529,0,Development Needs
SHIVAJINAGAR- GHOLE ROAD,2,pratibha nursing home,4,1,0,5,0,0,0,0,0,0,61,668,0,Development Needs
DHOLE-PATIL ROAD,1,Mantri Hospital,4,1,0,15,0,0,0,0,0,0,13,360,0,Development Needs
HADAPSAR-MUNDHWA,4,Nobel  Hospital,4,1,1,250,0,0,0,0,1,0,26,407,0,Development Needs
KASBA-VISHRAM,5,chavan nursing home,4,1,0,3,0,0,0,0,0,0,31,641,0,Development Needs
SHIVAJINAGAR- GHOLE ROAD,2,punrvasu chikitsalaya,4,1,0,6,0,0,0,0,0,0,61,669,0,Development Needs
BIBEWADI,5,suraj hospital,4,1,0,15,0,0,0,0,0,0,6,694,0,Development Needs
KOTHRUD-BAVDHAN,2,shashwat health pvt.ltd shashwat Hospital.,4,1,1,56,0,0,0,0,1,0,33,679,0,Development Needs
WARJE-KARVENAGAR,3,Anand hospital,4,1,0,4,0,0,0,0,0,0,75,30,0,Development Needs
NAGAR ROAD- VADGOANSHERI,1,k.k. hospital,4,1,0,25,0,0,0,0,0,0,51,651,0,Development Needs
DHOLE-PATIL ROAD,1,amrut hospital,4,1,0,9,0,0,0,0,0,0,13,635,0,Development Needs
HADAPSAR-MUNDHWA,4,sane guruji aarogya kendra,4,1,1,250,0,0,0,0,1,0,26,676,0,Development Needs
YERAWADA-KALAS-DHANORI,1,shushurt multi -speciality  hospital,4,1,0,4,0,0,0,0,0,0,78,690,0,Development Needs
DHOLE-PATIL ROAD,1,kumbhare hospital,4,1,0,1,0,0,0,0,0,0,13,657,0,Development Needs
SAHAKARNAGAR-DHANKWADI,3,yashwant eye clinic & hospital,4,1,0,2,0,0,0,0,0,0,60,705,0,Development Needs
SAHAKARNAGAR-DHANKWADI,3,sapna clinic,4,1,0,3,0,0,0,0,0,0,60,677,0,Development Needs
BIBEWADI,5,chandralok hospital,4,1,0,18,0,0,0,0,0,0,6,640,0,Development Needs
KONDHWA-YEVALEWADI,5,The eye foundetion,4,1,0,2,0,0,0,0,0,0,32,586,0,Development Needs
SHIVAJINAGAR- GHOLE ROAD,2,Oyster  & pearl hospital pvt.ltd.,3,1,1,107,0,0,0,0,0,0,61,419,0,Development Needs
WANADI-RAMTEKDI,4,"Ayodhya chaitrtable trust, ayodhya general hospital",4,1,0,10,0,0,0,0,0,0,74,50,0,Development Needs
BHAVANI PETH,5,indian red cross soc. Nursing home,4,1,0,4,0,0,0,0,0,0,5,650,0,Development Needs
KASBA-VISHRAM,5,Ramkrishna  hospital,4,1,0,7,0,0,0,0,0,0,31,470,0,Development Needs
SHIVAJINAGAR- GHOLE ROAD,2,center for joint repleacment surgary,4,1,1,54,0,0,0,0,1,0,61,639,0,Development Needs
SHIVAJINAGAR- GHOLE ROAD,2,Rakhi nursing home,4,1,0,5,0,0,0,0,0,0,61,467,0,Development Needs
DHOLE-PATIL ROAD,1,Samarth Hospital,4,1,0,15,0,0,0,0,0,0,13,493,0,Development Needs
SAHAKARNAGAR-DHANKWADI,3,Mohan ent clinic,5,1,0,2,0,0,0,0,0,0,60,375,0,Development Needs
KOTHRUD-BAVDHAN,2,medileser - vision correction center,4,1,0,1,0,0,0,0,0,0,33,658,0,Development Needs
BIBEWADI,5,Rahi health care,4,1,0,12,0,0,0,0,0,0,6,464,0,Development Needs
BIBEWADI,5,"sahydri hospital ltd. Sahyadri Hospital, Bibvewadi",4,1,1,37,0,0,0,0,1,0,6,674,0,Development Needs
AUNDH-BANER,2,Manswardhan diduction rehabliation mental health,4,1,0,40,0,0,0,0,0,0,0,359,0,Development Needs
HADAPSAR-MUNDHWA,4,varadvinayak hospital,4,1,0,5,0,0,0,0,0,0,26,696,0,Development Needs
BIBEWADI,5,shri balaji eye hospital,4,1,0,2,0,0,0,0,0,0,6,687,0,Development Needs
BHAVANI PETH,5,Dhanwantari hospital,4,1,0,16,0,0,0,0,0,0,5,126,0,Development Needs
BIBEWADI,5,yashashree  hospital,3,1,0,15,0,0,0,0,0,0,6,704,0,Development Needs
BHAVANI PETH,5,Meera hospital,4,1,0,50,0,0,0,0,0,0,5,370,0,Development Needs
BIBEWADI,5,Vinayak Hospital,4,1,0,15,0,0,0,0,0,0,6,608,0,Development Needs
WANADI-RAMTEKDI,4,inamdar hospital ( c.i.m.e.t.),4,1,1,46,0,0,0,0,1,0,74,649,0,Development Needs
DHOLE-PATIL ROAD,1,Bliz fertility center & pune center for womens health,4,1,0,3,0,0,0,0,0,0,13,74,0,Development Needs
HADAPSAR-MUNDHWA,4,aabane hospital,4,1,0,15,0,0,0,0,0,0,26,632,0,Development Needs
WANADI-RAMTEKDI,4,aakankasha eye clinic day care center,4,1,0,2,0,0,0,0,0,0,74,633,0,Development Needs
BIBEWADI,5,Dr. Sada multi specality hospital,4,1,0,9,0,0,0,0,0,0,6,169,0,Development Needs
WARJE-KARVENAGAR,3,"Lata Mangeshkar Medical Foundation""s Mai Mangeshkar Hospital",4,1,1,45,0,0,0,0,1,0,75,295,0,Development Needs
SAHAKARNAGAR-DHANKWADI,3,Apurva panchkarma center,4,1,0,5,0,0,0,0,0,0,60,36,0,Development Needs
SAHAKARNAGAR-DHANKWADI,3,shotri nursing home,4,1,0,5,0,0,0,0,0,0,60,685,0,Development Needs
KONDHWA-YEVALEWADI,4,prathmesh Accident & orthopedic Hospital,4,1,0,4,0,0,0,0,0,0,32,667,0,Development Needs
KASBA-VISHRAM,5,s.p.deshpande eye clinic,4,1,0,2,0,0,0,0,0,0,31,671,0,Development Needs
AUNDH-BANER,2,om hopital,4,1,0,7,0,0,0,0,0,0,0,661,0,Development Needs
KASBA-VISHRAM,5,Dr. chitale ent hospital,5,1,0,2,0,0,0,0,0,0,31,180,0,Development Needs
SINGHARD ROAD,3,omkar hospital,4,1,0,6,0,0,0,0,0,0,62,662,0,Development Needs
NAGAR ROAD- VADGOANSHERI,1,ganga maternity & general hospital,4,1,0,15,0,0,0,0,0,0,51,648,0,Development Needs
AUNDH-BANER,2,Renu hospital,4,1,0,4,0,0,0,0,0,0,0,474,0,Development Needs
SHIVAJINAGAR- GHOLE ROAD,2,Oyster  & pearl Tulip  hospital ,4,1,1,104,0,0,0,0,0,0,61,418,0,Development Needs
BIBEWADI,5,Gujar children hospital,5,1,0,7,0,0,0,0,0,0,6,214,0,Development Needs
KASBA-VISHRAM,5,vibhute hospital,4,1,0,15,0,0,0,0,0,0,31,700,0,Development Needs
DHOLE-PATIL ROAD,1,skin citi hospital,4,1,0,18,0,0,0,0,0,0,13,692,0,Development Needs
DHOLE-PATIL ROAD,1,Medipoint hospital,4,1,0,37,0,0,0,0,0,0,13,368,0,Development Needs
WARJE-KARVENAGAR,3,ayris eye care,4,1,0,2,0,0,0,0,0,0,75,637,0,Development Needs
AUNDH-BANER,2,prakash netralaya,4,1,0,2,0,0,0,0,0,0,0,665,0,Development Needs
WARJE-KARVENAGAR,3,shri maternity & nursing home,4,1,0,8,0,0,0,0,0,0,75,689,0,Development Needs
NAGAR ROAD- VADGOANSHERI,1,kohkade hospital,4,1,0,51,0,0,0,0,0,0,51,655,0,Development Needs
KASBA-VISHRAM,5,parvati general hospital,4,1,0,15,0,0,0,0,0,0,31,663,0,Development Needs
YERAWADA-KALAS-DHANORI,1,vinod memorial multispeciality hospital,4,1,1,51,0,0,0,0,0,0,78,702,0,Development Needs
SINGHARD ROAD,3,chinchnikar orthopedic & maternity center,4,1,0,5,0,0,0,0,0,0,62,642,0,Development Needs
KONDHWA-YEVALEWADI,4,Lifeline multispecaity Hospital,4,1,0,10,0,0,0,0,0,0,32,338,0,Development Needs
KASBA-VISHRAM,5,Bhide hospital orthopedic divission,4,1,0,5,0,0,0,0,0,0,31,68,0,Development Needs
SINGHARD ROAD,3,Rakshak multi specility hospital,4,1,0,27,0,0,0,0,0,0,62,469,0,Development Needs
KASBA-VISHRAM,5,universal hospital,4,1,0,30,0,0,0,0,0,0,31,695,0,Development Needs
BIBEWADI,5,vardhman eye care ,4,1,0,2,0,0,0,0,0,0,6,697,0,Development Needs
KASBA-VISHRAM,5,LOC HEALTHCARE LLP,4,1,0,50,0,0,0,0,0,0,31,294,0,Development Needs
KASBA-VISHRAM,5,netra seva kendra ( jan kalyan eye bank ),4,1,0,8,0,0,0,0,0,0,31,660,0,Development Needs
BIBEWADI,5,rao nursing home,4,1,1,123,0,0,0,0,1,0,6,670,0,Development Needs
SINGHARD ROAD,3,shendkar health care  hospitality services pvt. Ltd. Global Hospital & Reserch Institute,4,1,1,108,0,0,0,0,1,0,62,681,0,Development Needs
AUNDH-BANER,2,adkar hospital & resarch institute pvt.ltd.( sai shree hospital )/ Orthopedic Centre,4,1,0,8,0,0,0,0,0,0,0,634,0,Development Needs
SHIVAJINAGAR- GHOLE ROAD,2,shri eye & dental clinic,4,1,0,2,0,0,0,0,0,0,61,688,0,Development Needs
SAHAKARNAGAR-DHANKWADI,3,Naik nimbalkar hospital ( day - care eye hospital ),4,1,0,3,0,0,0,0,0,0,60,387,0,Development Needs
DHOLE-PATIL ROAD,1,kumbhare clinic & nursing home,4,1,0,16,0,0,0,0,0,0,13,656,0,Development Needs
SHIVAJINAGAR- GHOLE ROAD,2,emrald endoscopy center,4,1,0,8,0,0,0,0,0,0,61,646,0,Development Needs
DHOLE-PATIL ROAD,1,Grant medical foundetion Ruby Holl Clinic,4,1,1,553,0,0,0,0,1,0,13,212,0,Development Needs
WARJE-KARVENAGAR,3,galaxcy care laproscopy institute pvt. Ltd.,4,1,1,100,0,0,0,0,1,0,75,647,0,Development Needs
KONDHWA-YEVALEWADI,3,shivneri hospital,4,1,0,6,0,0,0,0,0,0,32,684,0,Development Needs
SHIVAJINAGAR- GHOLE ROAD,2,dr. manohar joshi memorial hospital (M.J.M. Hospital),4,1,1,50,0,0,0,0,0,0,61,644,0,Development Needs
BIBEWADI,5,Ishwar krupa nursing home,4,1,0,16,0,0,0,0,0,0,6,236,0,Development Needs
KONDHWA-YEVALEWADI,4,sidhhi hospital laproscopy center,4,1,1,49,0,0,0,0,1,0,32,691,0,Development Needs
SINGHARD ROAD,3,wadekar nursing home ( maternity  &  ENT home  ),4,1,0,10,0,0,0,0,0,0,62,703,0,Development Needs
AUNDH-BANER,2,Aims hospital & resarch center,4,1,1,101,0,0,0,0,1,0,0,14,0,Development Needs
KONDHWA-YEVALEWADI,4,kala clinic & nursing home,3,1,0,2,0,0,0,0,0,0,32,652,0,Development Needs
AUNDH-BANER,2,shaswat hospital ( aundh ),4,1,1,61,0,0,0,0,1,0,0,680,0,Development Needs
NAGAR ROAD- VADGOANSHERI,1,Dyandeep general hospital,4,1,0,5,0,0,0,0,0,0,51,185,0,Development Needs
SAHAKARNAGAR-DHANKWADI,3,Devshri Hospital ,4,1,0,2,0,0,0,0,0,0,60,119,0,Development Needs
SAHAKARNAGAR-DHANKWADI,3,Suyog Narsing Home Pra. Ltd. ,4,1,0,25,0,0,0,0,0,0,60,580,0,Development Needs
KOTHRUD-BAVDHAN,2,Parivartan Ayurved Hospital,4,1,0,4,0,0,0,0,0,0,33,433,0,Development Needs
WANADI-RAMTEKDI,4,Grant medical foundetion Ruby Holl Clinic- wanovari,4,1,1,120,0,0,0,0,1,0,74,213,0,Development Needs
KASBA-VISHRAM,5,Ashswin Hospital,4,1,0,4,0,0,0,0,0,0,31,41,0,Development Needs
HADAPSAR-MUNDHWA,4,Ashirvad ENT And Maternity Hospital,5,1,0,4,0,0,0,0,0,0,26,39,0,Development Needs
NAGAR ROAD- VADGOANSHERI,1,Chandan Nagar Nursing Home,4,1,0,6,0,0,0,0,0,0,51,90,0,Development Needs
KASBA-VISHRAM,5,Saikrupa Narsing Home,3,1,0,5,0,0,0,0,0,0,31,489,0,Development Needs
KASBA-VISHRAM,5,Yashda Hospital,4,1,0,16,0,0,0,0,0,0,31,621,0,Development Needs
SAHAKARNAGAR-DHANKWADI,5,Parvati Ganral Hospital,4,1,0,5,0,0,0,0,0,0,60,435,0,Development Needs
KOTHRUD-BAVDHAN,2,"Famili Planing Asociation Of India, Pune",4,1,0,11,0,0,0,0,0,0,33,195,0,Development Needs
KOTHRUD-BAVDHAN,3,Contacare Eye Hospital,4,1,0,14,0,0,0,0,0,0,33,105,0,Development Needs
HADAPSAR-MUNDHWA,4,shivam hospital,4,1,0,15,0,0,0,0,0,0,26,683,0,Development Needs
HADAPSAR-MUNDHWA,4,Life Care Hospital,4,1,0,8,0,0,0,0,0,0,26,336,0,Development Needs
NAGAR ROAD- VADGOANSHERI,1,Kolambia Ashia Hospital Pr. Ltd.,4,1,1,100,0,0,0,0,1,0,51,279,0,Development Needs
WARJE-KARVENAGAR,3,Devyani Multy Speciality Hospital,4,1,1,120,0,0,0,0,1,0,75,121,0,Development Needs
KONDHWA-YEVALEWADI,4,Dhanwantari Clinic,3,1,0,4,0,0,0,0,0,0,32,124,0,Development Needs
NAGAR ROAD- VADGOANSHERI,1,Sahyadri Hospitals Ltd.-Sahyadri Super Speciality Hospital (Nagar Road),4,1,1,161,0,0,0,0,1,0,51,486,0,Development Needs
KASBA-VISHRAM,5,Kalyani Hospital ,4,1,0,16,0,0,0,0,0,0,31,256,0,Development Needs
KASBA-VISHRAM,5,Chandrama Clinic,4,1,1,2,0,0,0,0,0,0,31,92,0,Development Needs
WARJE-KARVENAGAR,3,Lodha Hospital And Maternity Home,4,1,0,10,0,0,0,0,0,0,75,339,0,Development Needs
KOTHRUD-BAVDHAN,2,nayantara eye clinic,4,1,0,3,0,0,0,0,0,0,33,659,0,Development Needs
SINGHARD ROAD,3,pharande eye hospital & phaco center,4,1,0,2,0,0,0,0,0,0,62,664,0,Development Needs
BHAVANI PETH,5,sheth tarachand ramanath charitable aurvedic hospital,4,1,0,236,0,0,0,0,0,0,5,682,0,Development Needs
SAHAKARNAGAR-DHANKWADI,3,bharti ayurved hospital,4,1,0,100,0,0,0,0,0,0,60,638,0,Development Needs
AUNDH-BANER,2,Datar Hospital,4,1,0,7,0,0,0,0,0,0,0,107,0,Development Needs
SHIVAJINAGAR- GHOLE ROAD,2,Vision next,4,1,0,2,0,0,0,0,0,0,61,611,0,Development Needs
KOTHRUD-BAVDHAN,2,Vision Eye Center,4,1,0,1,0,0,0,0,0,0,33,610,0,Development Needs
KOTHRUD-BAVDHAN,2,Janani Nursing Home ,3,1,0,3,0,0,0,0,0,0,33,238,0,Development Needs
HADAPSAR-MUNDHWA,4,Chhaya Hospital,4,1,0,10,0,0,0,0,0,0,26,95,0,Development Needs
SINGHARD ROAD,3,Gurdeo Nursing Home,4,1,0,12,0,0,0,0,0,0,62,217,0,Development Needs
WARJE-KARVENAGAR,3,Matruchaya Nursing Home,4,1,0,10,0,0,0,0,0,0,75,365,0,Development Needs
SAHAKARNAGAR-DHANKWADI,3,Aadhar Hospital,4,1,0,3,0,0,0,0,0,0,60,4,0,Development Needs
HADAPSAR-MUNDHWA,4,Contacare Eye Hospital,4,1,0,15,0,0,0,0,0,0,26,105,0,Development Needs
SAHAKARNAGAR-DHANKWADI,3,Bharti Homeopathic Hospital,0,1,0,100,0,0,0,0,0,0,60,64,0,Development Needs
HADAPSAR-MUNDHWA,4,Alatkar Hospital,4,1,0,15,0,0,0,0,0,0,26,20,0,Development Needs
YERAWADA-KALAS-DHANORI,1,Dhanwantari Hospital,4,1,0,17,0,0,0,0,0,0,78,125,0,Development Needs
SAHAKARNAGAR-DHANKWADI,3,Lokmanya hospital Pvt. Ltd.,4,1,0,20,0,0,0,0,0,0,60,341,0,Development Needs
HADAPSAR-MUNDHWA,4,Shatayu Nursing Home,4,1,0,5,0,0,0,0,0,0,26,525,0,Development Needs
HADAPSAR-MUNDHWA,4,Meera Matrnity & General Hospital,4,1,0,3,0,0,0,0,0,0,26,369,0,Development Needs
SHIVAJINAGAR- GHOLE ROAD,2,Atharv Hospital,4,1,0,10,0,0,0,0,0,0,61,47,0,Development Needs
KONDHWA-YEVALEWADI,4,Sarwat Hospital,3,1,0,25,0,0,0,0,0,0,32,508,0,Development Needs
HADAPSAR-MUNDHWA,4,Navjeevan Nursing Home,3,1,0,10,0,0,0,0,0,0,26,394,0,Development Needs
HADAPSAR-MUNDHWA,4,Tanmay Nursing Home,4,1,0,5,0,0,0,0,0,0,26,585,0,Development Needs
KASBA-VISHRAM,5,Shantalaxmi Clinic,4,1,0,2,0,0,0,0,0,0,31,519,0,Development Needs
KASBA-VISHRAM,5,Dr. Bhange's Eye Day Care Center,4,1,0,2,0,0,0,0,0,0,31,137,0,Development Needs
NAGAR ROAD- VADGOANSHERI,1,Gold Rush Hospital,4,1,0,23,0,0,0,0,0,0,51,211,0,Development Needs
SAHAKARNAGAR-DHANKWADI,3,Modi Clinic,4,1,0,4,0,0,0,0,0,0,60,374,0,Development Needs
NAGAR ROAD- VADGOANSHERI,1,Mrunmayee Health Cear pvt. Ltd. ( sangamnerkar Hospital ),4,1,0,30,0,0,0,0,0,0,51,380,0,Development Needs
SINGHARD ROAD,3,Sharad Hospital,5,1,0,27,0,0,0,0,0,0,62,520,0,Development Needs
SHIVAJINAGAR- GHOLE ROAD,2,Pearl womens hospital & yash IVF`,4,1,0,15,0,0,0,0,0,0,61,441,0,Development Needs
SAHAKARNAGAR-DHANKWADI,3,Samarth Nursing Home,4,1,0,4,0,0,0,0,0,0,60,494,0,Development Needs
WARJE-KARVENAGAR,3,Vinayak Hospital,4,1,0,20,0,0,0,0,0,0,75,608,0,Development Needs
SAHAKARNAGAR-DHANKWADI,3,Samarth Nursing Home,4,1,0,2,0,0,0,0,0,0,60,494,0,Development Needs
NAGAR ROAD- VADGOANSHERI,1,Anup Nursing Home,4,1,0,10,0,0,0,0,0,0,51,33,0,Development Needs
KOTHRUD-BAVDHAN,3,Prabhudesai Eye Clinic,4,1,0,4,0,0,0,0,0,0,33,453,0,Development Needs
HADAPSAR-MUNDHWA,4,Adnya Clinic & Nursing Home,4,1,0,5,0,0,0,0,0,0,26,11,0,Development Needs
HADAPSAR-MUNDHWA,4,Lotus Hospital,4,1,0,15,0,0,0,0,0,0,26,343,0,Development Needs
KOTHRUD-BAVDHAN,3,Gems Hospital & Enodoscopy Center,4,1,0,15,0,0,0,0,0,0,33,205,0,Development Needs
WARJE-KARVENAGAR,3,Shree Nursnig Home,4,1,0,15,0,0,0,0,0,0,75,533,0,Development Needs
HADAPSAR-MUNDHWA,4,Zed Plus Accident Hospital & Nursing Home,4,1,0,20,0,0,0,0,0,0,26,630,0,Development Needs
HADAPSAR-MUNDHWA,4,Shree Gurudatta Specaility Hospital,4,1,0,10,0,0,0,0,0,0,26,532,0,Development Needs
KONDHWA-YEVALEWADI,4,Siddiqua Hospital & Nursing Home,3,1,0,6,0,0,0,0,0,0,32,556,0,Development Needs
SHIVAJINAGAR- GHOLE ROAD,2,Pioneer Medilesar Pvt. Ltd.,4,1,0,3,0,0,0,0,0,0,61,444,0,Development Needs
AUNDH-BANER,2,Pune Netraylaya,4,1,0,3,0,0,0,0,0,0,0,461,0,Development Needs
KASBA-VISHRAM,5,Vastalya Hospital,3,1,0,4,0,0,0,0,0,0,31,602,0,Development Needs
KONDHWA-YEVALEWADI,4,Om Hospital,4,1,0,5,0,0,0,0,0,0,32,414,0,Development Needs
YERAWADA-KALAS-DHANORI,1,CT Nursing Home,4,1,0,8,0,0,0,0,0,0,78,81,0,Development Needs
NAGAR ROAD- VADGOANSHERI,1,Kalyani Nursing Home,4,1,0,16,0,0,0,0,0,0,51,257,0,Development Needs
KASBA-VISHRAM,5,Nova Pluse IVF Clinic Pvt. Ltd.,4,1,0,9,0,0,0,0,0,0,31,409,0,Development Needs
YERAWADA-KALAS-DHANORI,1,Ameya Nursing Home,4,1,0,8,0,0,0,0,0,0,78,23,0,Development Needs
SAHAKARNAGAR-DHANKWADI,3,SUMITRA PARALYSIS CARE CENTRE,4,1,0,5,0,0,0,0,0,0,60,480,0,Development Needs
WARJE-KARVENAGAR,3,Poona Leasar Center,4,1,0,2,0,0,0,0,0,0,75,450,0,Development Needs
KASBA-VISHRAM,5,Neo Hospital,4,1,0,6,0,0,0,0,0,0,31,396,0,Development Needs
HADAPSAR-MUNDHWA,4,Noble Hospital-,4,1,0,80,0,0,0,0,0,0,26,408,0,Development Needs
SINGHARD ROAD,3,Shraddha Nursing Home,4,1,0,10,0,0,0,0,0,0,62,530,0,Development Needs
SINGHARD ROAD,3,Om Nursing Home,4,1,0,11,0,0,0,0,0,0,62,415,0,Development Needs
SAHAKARNAGAR-DHANKWADI,3,Sai Netralay & specality Clinic,4,1,0,5,0,0,0,0,0,0,60,487,0,Development Needs
SHIVAJINAGAR- GHOLE ROAD,2,kids clinic (I) pvt. Ltd.cloud Cline  nine Hospital,3,1,1,49,0,0,0,0,0,0,61,654,0,Development Needs
DHOLE-PATIL ROAD,1,Hope Nursing Home,4,1,0,5,0,0,0,0,0,0,13,227,0,Development Needs
KOTHRUD-BAVDHAN,2,Speciality Day care Centre,4,1,0,10,0,0,0,0,0,0,33,562,0,Development Needs
HADAPSAR-MUNDHWA,4,Zenith Medicare Pvt. Ltd.,4,1,0,15,0,0,0,0,0,0,26,631,0,Development Needs
NAGAR ROAD- VADGOANSHERI,1,Kirad Nursing Home,4,1,0,15,0,0,0,0,0,0,51,278,0,Development Needs
KASBA-VISHRAM,5,Kamalnayan Nursing Home/Hospital,4,1,0,8,0,0,0,0,0,0,31,261,0,Development Needs
NAGAR ROAD- VADGOANSHERI,1,shree Hospital Criticare & Trauma Centre Pvt.Ltd.,4,1,1,72,0,0,0,0,1,0,51,686,0,Development Needs
KASBA-VISHRAM,5,Chaitanya Eye Clinic & phaco centre,4,1,0,2,0,0,0,0,0,0,31,84,0,Development Needs
KASBA-VISHRAM,5,Apolo Speciality Hospitals Pvt. Ltd.,4,1,0,34,0,0,0,0,0,0,31,35,0,Development Needs
HADAPSAR-MUNDHWA,4,"Welfare Medical Foundation""s Willoo Poonawala Memorial Hopstial",4,1,1,59,0,0,0,0,1,0,26,619,0,Development Needs
YERAWADA-KALAS-DHANORI,1,Indira IVF Hospital pvt. Ltd.,4,1,0,25,0,0,0,0,0,0,78,233,0,Development Needs
AUNDH-BANER,2,Ashwini Hospital,3,1,0,20,0,0,0,0,0,0,0,43,0,Development Needs
DHOLE-PATIL ROAD,1,Bansal Medical Foundation,4,1,0,1,0,0,0,0,0,0,13,55,0,Development Needs
KASBA-VISHRAM,5,Healing Hands Clinic Pvt. Ltd.,4,1,0,3,0,0,0,0,0,0,31,222,0,Development Needs
KASBA-VISHRAM,5,Ashtang Ayurved Rugnalaya,3,1,0,25,0,0,0,0,0,0,31,42,0,Development Needs
SHIVAJINAGAR- GHOLE ROAD,2,Asthetic Medispa Pvt. Ltd. (Day-care),4,1,0,1,0,0,0,0,0,0,61,46,0,Development Needs
AUNDH-BANER,2,Umarji mother & child care,4,1,0,35,0,0,0,0,0,0,0,593,0,Development Needs
AUNDH-BANER,2,Sanjivan Hospital,3,1,0,8,0,0,0,0,0,0,0,502,0,Development Needs
BIBEWADI,5,Vighnaharta Hospital,4,1,0,22,0,0,0,0,0,0,6,605,0,Development Needs
KOTHRUD-BAVDHAN,2,Bavdhan medicare center,4,1,0,10,0,0,0,0,0,0,33,57,0,Development Needs
AUNDH-BANER,2,ELPIS IVF & Maternity Home,4,1,0,10,0,0,0,0,0,0,0,188,0,Development Needs
AUNDH-BANER,2,Unity Hospital,4,1,0,9,0,0,0,0,0,0,0,594,0,Development Needs
AUNDH-BANER,2,National Institute of Ophalmology (Neo Aundh),4,1,0,10,0,0,0,0,0,0,0,392,0,Development Needs
NAGAR ROAD- VADGOANSHERI,1,Sagar Nursing Home,4,1,0,15,0,0,0,0,0,0,51,484,0,Development Needs
AUNDH-BANER,2,Vimal Nursing Home,4,1,0,7,0,0,0,0,0,0,0,607,0,Development Needs
SINGHARD ROAD,3,Eva Nursing Home,4,1,0,8,0,0,0,0,0,0,62,192,0,Development Needs
KONDHWA-YEVALEWADI,4,Moraya Nursing Home LLP,4,1,0,7,0,0,0,0,0,0,32,376,0,Development Needs
DHOLE-PATIL ROAD,1,Healing Hands Clinic Pvt. Ltd.,4,1,0,17,0,0,0,0,0,0,13,222,0,Development Needs
NAGAR ROAD- VADGOANSHERI,1,Balaji Hospital,4,1,0,5,0,0,0,0,0,0,51,54,0,Development Needs
KONDHWA-YEVALEWADI,4,Prerana Nursing Home,4,1,0,5,0,0,0,0,0,0,32,459,0,Development Needs
NAGAR ROAD- VADGOANSHERI,1,Kids clinic (I) pvt. Ltd. cloud nine Hospital,4,1,1,37,0,0,0,0,0,0,51,276,0,Development Needs
NAGAR ROAD- VADGOANSHERI,1,Kurkute Hospital,4,1,0,5,0,0,0,0,0,0,51,291,0,Development Needs
SHIVAJINAGAR- GHOLE ROAD,2,Dr. Tepan Memorial Hospital,4,1,0,5,0,0,0,0,0,0,61,175,0,Development Needs
WARJE-KARVENAGAR,3,Siddharth Nursing Home,4,1,1,5,0,0,0,0,0,0,75,554,0,Development Needs
NAGAR ROAD- VADGOANSHERI,1,Sai nursing Home,4,1,0,4,0,0,0,0,0,0,51,488,0,Development Needs
KONDHWA-YEVALEWADI,4,Chandra Nursing Home,4,1,0,4,0,0,0,0,0,0,32,91,0,Development Needs
KONDHWA-YEVALEWADI,4,Siddhivinayak Hopital,4,1,0,27,0,0,0,0,0,0,32,555,0,Development Needs
DHOLE-PATIL ROAD,1,Aisan Eye Hospital & laser Institute,4,1,0,1,0,0,0,0,0,0,13,15,0,Development Needs
HADAPSAR-MUNDHWA,4,Maheshwari Multispeciality Healthcare & Reserch centre LLP,4,1,0,50,0,0,0,0,0,0,26,353,0,Development Needs
YERAWADA-KALAS-DHANORI,1,CT Nursing Home          (Unit-2),4,1,0,20,0,0,0,0,0,0,78,82,0,Development Needs
AUNDH-BANER,2,Dhanwantari Hospital,4,1,0,9,0,0,0,0,0,0,0,125,0,Development Needs
HADAPSAR-MUNDHWA,4,Usha Maternity Home,4,1,0,5,0,0,0,0,0,0,26,597,0,Development Needs
SAHAKARNAGAR-DHANKWADI,3,Patil Multispeciality Hospital & Laproscopy Center,4,1,0,15,0,0,0,0,0,0,60,438,0,Development Needs
NAGAR ROAD- VADGOANSHERI,1,Akash Eye Clinic & laser Centre,4,1,0,5,0,0,0,0,0,0,51,17,0,Development Needs
NAGAR ROAD- VADGOANSHERI,1,Dr. Damale skin Clinic,4,1,0,2,0,0,0,0,0,0,51,139,0,Development Needs
SHIVAJINAGAR- GHOLE ROAD,2,Dr. Nakhare Clinic,4,1,0,10,0,0,0,0,0,0,61,156,0,Development Needs
AUNDH-BANER,2,"Adakar Hospital & Reserch Institutes, Saishree Hospital",4,1,0,30,0,0,0,0,0,0,0,9,0,Development Needs
NAGAR ROAD- VADGOANSHERI,1,Kamat hospital,4,1,0,10,0,0,0,0,0,0,51,263,0,Development Needs
NAGAR ROAD- VADGOANSHERI,1,Dr. Jadhav kids Hospital/ Dr. Jadhav Lahan Mulanche Hospital,5,1,0,10,0,0,0,0,0,0,51,146,0,Development Needs
HADAPSAR-MUNDHWA,4,APS Nursing Home,4,1,0,15,0,0,0,0,0,0,26,1,0,Development Needs
HADAPSAR-MUNDHWA,4,Prakash Hospital,4,1,0,17,0,0,0,0,0,0,26,455,0,Development Needs
KOTHRUD-BAVDHAN,2,shashwat Hospital (Medical Wing),4,1,0,10,0,0,0,0,0,0,33,678,0,Development Needs
BHAVANI PETH,5,"""18.52 North"" Centre For Hand & wrist surgery",4,1,0,2,0,0,0,0,0,0,5,0,0,Development Needs
AUNDH-BANER,2,Nucare Hospital,4,1,0,25,0,0,0,0,0,0,0,410,0,Development Needs
YERAWADA-KALAS-DHANORI,1,OM Eye Care,4,1,0,3,0,0,0,0,0,0,78,412,0,Development Needs
KOTHRUD-BAVDHAN,2,Axix Eye Clinic,4,1,0,3,0,0,0,0,0,0,33,49,0,Development Needs
AUNDH-BANER,2,Jupiter Lifeline Hospitals Ltd.,4,1,1,178,0,0,0,0,1,0,0,250,0,Development Needs
NAGAR ROAD- VADGOANSHERI,1,Rising Medicare Hospital,4,1,1,104,0,0,0,0,1,0,51,475,0,Development Needs
KONDHWA-YEVALEWADI,4,New Pune Hospital & Nursing Home,4,1,0,10,0,0,0,0,0,0,32,398,0,Development Needs
KOTHRUD-BAVDHAN,2,Dhande Hospital,4,1,0,7,0,0,0,0,0,0,33,123,0,Development Needs
YERAWADA-KALAS-DHANORI,1,Vaibhav Nursing Home,4,1,0,6,0,0,0,0,0,0,78,599,0,Development Needs
WARJE-KARVENAGAR,3,Ingale womens Hospital,3,1,0,2,0,0,0,0,0,0,75,235,0,Development Needs
SAHAKARNAGAR-DHANKWADI,3,Walimbe Eye Clinic,4,1,0,5,0,0,0,0,0,0,60,615,0,Development Needs
NAGAR ROAD- VADGOANSHERI,1,Chintamani Hospital,4,1,0,5,0,0,0,0,0,0,51,100,0,Development Needs
SINGHARD ROAD,3,Shri Nursing Home,4,1,0,10,0,0,0,0,0,0,62,542,0,Development Needs
HADAPSAR-MUNDHWA,4,Gandhi Hospital,4,1,0,5,0,0,0,0,0,0,26,202,0,Development Needs
SAHAKARNAGAR-DHANKWADI,3,Sanjivani Nurinsg Home,3,1,0,6,0,0,0,0,0,0,60,503,0,Development Needs
SHIVAJINAGAR- GHOLE ROAD,2,Poona Eye Care & Pvt. Ltd.,4,1,0,2,0,0,0,0,0,0,61,448,0,Development Needs
BHAVANI PETH,5,Namtra Nursing Home,4,1,0,4,0,0,0,0,0,0,5,388,0,Development Needs
KONDHWA-YEVALEWADI,4,chordiya nursing home,4,1,0,10,0,0,0,0,0,0,32,643,0,Development Needs
KONDHWA-YEVALEWADI,4,Royal Hospital,4,1,0,6,0,0,0,0,0,0,32,477,0,Development Needs
AUNDH-BANER,2,Zanwar Felicity Pvt. Ltd. (Healing Hands Clinic),4,1,0,17,0,0,0,0,0,0,0,629,0,Development Needs
SHIVAJINAGAR- GHOLE ROAD,2,Blossoms Women Care,3,1,0,4,0,0,0,0,0,0,61,75,0,Development Needs
KASBA-VISHRAM,5,Laxmi Clinic,4,1,0,9,0,0,0,0,0,0,31,335,0,Development Needs
HADAPSAR-MUNDHWA,4,Glam-x Aesthetic Centre,4,1,0,3,0,0,0,0,0,0,26,208,0,Development Needs
KONDHWA-YEVALEWADI,4,New Sofiya Hospital,4,1,0,11,0,0,0,0,0,0,32,399,0,Development Needs
KONDHWA-YEVALEWADI,4,Hi-Tech Eye Surgery & Leser Centre,4,1,0,2,0,0,0,0,0,0,32,224,0,Development Needs
KONDHWA-YEVALEWADI,4,National Hospital,4,1,0,27,0,0,0,0,0,0,32,391,0,Development Needs
SAHAKARNAGAR-DHANKWADI,3,Krishna Prabhu Hospital,4,1,0,20,0,0,0,0,0,0,60,285,0,Development Needs
NAGAR ROAD- VADGOANSHERI,1,Ashwini Nursing Home,4,1,0,10,0,0,0,0,0,0,51,44,0,Development Needs
SHIVAJINAGAR- GHOLE ROAD,2,Pune Fertility Centre,4,1,0,2,0,0,0,0,0,0,61,460,0,Development Needs
HADAPSAR-MUNDHWA,4,Pawar Surgical Hospital,4,1,0,10,0,0,0,0,0,0,26,440,0,Development Needs
KASBA-VISHRAM,5,"Om Eye Clinic & laser Centre, Day-care",4,1,0,1,0,0,0,0,0,0,31,413,0,Development Needs
HADAPSAR-MUNDHWA,4,Dr. Mhaske Hospital & reserch Centre Pvt. Ltd.,4,1,0,15,0,0,0,0,0,0,26,154,0,Development Needs
SINGHARD ROAD,3,Shinde Hospital & Nursing Home,4,1,0,5,0,0,0,0,0,0,62,526,0,Development Needs
SHIVAJINAGAR- GHOLE ROAD,2,Khade Chinldren Hospital,5,1,0,10,0,0,0,0,0,0,61,274,0,Development Needs
BIBEWADI,5,Shreeram Eye & Dental Care Centre,4,1,0,1,0,0,0,0,0,0,6,535,0,Development Needs
SINGHARD ROAD,3,Samarth Eye Clinic & Day-Care Centre,4,1,0,2,0,0,0,0,0,0,62,492,0,Development Needs
KOTHRUD-BAVDHAN,2,Jehangir Speciality Hospital (Unit Of Principal HealthCare & Wellness Pvt. Ltd.,4,1,1,31,0,0,0,0,1,0,33,244,0,Development Needs
KOTHRUD-BAVDHAN,2,Yash Eye Clinic,4,1,0,4,0,0,0,0,0,0,33,620,0,Development Needs
HADAPSAR-MUNDHWA,4,Navjeevan Nursing Home,4,1,0,25,0,0,0,0,0,0,26,394,0,Development Needs
SINGHARD ROAD,3,Anuja Hospital,4,1,0,6,0,0,0,0,0,0,62,31,0,Development Needs
WARJE-KARVENAGAR,3,Borikar Hospital,4,1,0,24,0,0,0,0,0,0,75,77,0,Development Needs
KOTHRUD-BAVDHAN,2,Divya Jyot Hospital,4,1,0,2,0,0,0,0,0,0,33,133,0,Development Needs
HADAPSAR-MUNDHWA,4,sahyadri Hospitals Ltd.-Sahyadri Super Speciality Hospital (Hadpasar),4,1,1,138,0,0,0,0,1,0,26,672,0,Development Needs
YERAWADA-KALAS-DHANORI,1,Bhimrao Tidke Patil MultiSpeciality Hospital Pvt. Ltd.,4,1,0,35,0,0,0,0,0,0,78,69,0,Development Needs
SAHAKARNAGAR-DHANKWADI,3,Poona Preventive Cardiology Centre,4,1,0,5,0,0,0,0,0,0,60,451,0,Development Needs
AUNDH-BANER,2,Embrio IVF Centre,5,1,0,4,0,0,0,0,0,0,0,191,0,Development Needs
SINGHARD ROAD,3,Dr. Dudhbhate Netralaya & Retina Centre,4,1,0,2,0,0,0,0,0,0,62,141,0,Development Needs
SINGHARD ROAD,3,Shatayu Hospital,4,1,0,16,0,0,0,0,0,0,62,524,0,Development Needs
SHIVAJINAGAR- GHOLE ROAD,2,Dr. Ketkar Nursing Home,4,1,0,2,0,0,0,0,0,0,61,149,0,Development Needs
KOTHRUD-BAVDHAN,2,Deshpande Eye Hospital & Laser Centre,4,1,0,2,0,0,0,0,0,0,33,118,0,Development Needs
KONDHWA-YEVALEWADI,4,Aadhar Hospital,4,1,0,10,0,0,0,0,0,0,32,4,0,Development Needs
NAGAR ROAD- VADGOANSHERI,1,Shree Ayurved & Panchkarma Hospital,0,1,0,15,0,0,0,0,0,0,51,531,0,Development Needs
DHOLE-PATIL ROAD,1,Healing Hands Clinic Pvt. Ltd.,4,1,0,15,0,0,0,0,0,0,13,222,0,Development Needs
NAGAR ROAD- VADGOANSHERI,1,Motherhood Hospital ( Rhea Healthcare Pvt. Ltd.,3,1,0,32,0,0,0,0,0,0,51,379,0,Development Needs
KONDHWA-YEVALEWADI,4,Jivandhara Multispeciality Hospital,4,1,0,9,0,0,0,0,0,0,32,246,0,Development Needs
BIBEWADI,5,Jeevan sparsh Eye Hospital,4,1,0,5,0,0,0,0,0,0,6,241,0,Development Needs
BHAVANI PETH,5,Shinde Nursing Home & Polyclinic,4,1,0,10,0,0,0,0,0,0,5,527,0,Development Needs
NAGAR ROAD- VADGOANSHERI,1,Vatsalya  hospital,4,1,0,18,0,0,0,0,0,0,51,604,0,Development Needs
AUNDH-BANER,2,"Dr. Agarwal""s Healthcare Ltd.",4,1,0,2,0,0,0,0,0,0,0,134,0,Development Needs
NAGAR ROAD- VADGOANSHERI,1,Horizon Hospital,4,1,0,5,0,0,0,0,0,0,51,228,0,Development Needs
SINGHARD ROAD,3,Siver Birch MultiSpeciality Hospital pvt. Ltd.,4,1,0,48,0,0,0,0,0,0,62,559,0,Development Needs
NAGAR ROAD- VADGOANSHERI,1,City Care Hospital,4,1,0,15,0,0,0,0,0,0,51,102,0,Development Needs
DHOLE-PATIL ROAD,1,Nityashraddha  Life Care Hospital,4,1,0,20,0,0,0,0,0,0,13,405,0,Development Needs
NAGAR ROAD- VADGOANSHERI,1,Jeevnjyot Nursing Home,4,1,0,10,0,0,0,0,0,0,51,242,0,Development Needs
SINGHARD ROAD,3,Dr. Pathak Eye Clinic,4,1,0,2,0,0,0,0,0,0,62,161,0,Development Needs
DHOLE-PATIL ROAD,1,Bliz fertility center ,4,1,0,3,0,0,0,0,0,0,13,73,0,Development Needs
HADAPSAR-MUNDHWA,4,Shree Samarth Hospital,4,1,0,8,0,0,0,0,0,0,26,534,0,Development Needs
